id,timestamp,emotion_class,confidence
8976,2025-11-28T08:03:10,positive,0.705
8977,2025-11-28T08:08:33,negative_low,0.813
8978,2025-11-28T08:11:26,neutral,0.751
8979,2025-11-28T08:18:45,neutral,0.746
8980,2025-11-28T08:22:04,negative_high,0.907
8981,2025-11-28T08:28:09,negative_high,0.891
8982,2025-11-28T08:31:08,negative_low,0.613
8983,2025-11-28T08:36:21,neutral,0.834
8984,2025-11-28T08:41:51,positive,0.826
8985,2025-11-28T08:46:54,negative_high,0.89
8986,2025-11-28T08:52:01,negative_low,0.657
8987,2025-11-28T08:56:19,negative_high,0.741
8988,2025-11-28T09:03:04,negative_low,0.841
8989,2025-11-28T09:08:53,negative_low,0.782
8990,2025-11-28T09:11:07,neutral,0.766
8991,2025-11-28T09:16:56,negative_low,0.929
8992,2025-11-28T09:22:24,positive,0.77
8993,2025-11-28T10:17:49,neutral,0.919
8994,2025-11-28T10:23:28,negative_low,0.844
8995,2025-11-28T10:28:41,negative_high,0.755
8996,2025-11-28T10:31:14,negative_low,0.603
8997,2025-11-28T10:38:08,negative_low,0.808
8998,2025-11-28T10:43:21,negative_high,0.905
8999,2025-11-28T10:47:48,negative_high,0.815
9000,2025-11-28T10:51:24,negative_low,0.883
9001,2025-11-28T10:56:21,positive,0.914
9002,2025-11-28T11:02:56,neutral,0.666
9003,2025-11-28T11:06:29,negative_low,0.766
9004,2025-11-28T11:12:12,negative_low,0.619
9005,2025-11-28T11:17:00,negative_low,0.902
9006,2025-11-28T11:22:51,positive,0.939
9007,2025-11-28T11:28:36,positive,0.814
9008,2025-11-28T11:33:29,neutral,0.617
9009,2025-11-28T11:38:13,positive,0.616
9010,2025-11-28T11:42:55,negative_high,0.78
9011,2025-11-28T11:48:04,negative_low,0.763
9012,2025-11-28T11:51:28,negative_low,0.657
9013,2025-11-28T11:56:10,negative_low,0.74
9014,2025-11-28T12:03:41,negative_low,0.883
9015,2025-11-28T12:06:48,negative_low,0.919
9016,2025-11-28T12:13:17,negative_high,0.621
9017,2025-11-28T12:16:56,neutral,0.795
9018,2025-11-28T12:22:07,neutral,0.948
9019,2025-11-28T12:28:46,negative_low,0.904
9020,2025-11-28T12:31:19,negative_low,0.773
9021,2025-11-28T12:36:51,positive,0.805
9022,2025-11-28T12:42:23,positive,0.857
9023,2025-11-28T12:47:00,neutral,0.709
9024,2025-11-28T12:52:01,positive,0.684
9025,2025-11-28T12:57:04,negative_high,0.776
9026,2025-11-28T13:01:17,negative_low,0.752
9027,2025-11-28T13:07:12,neutral,0.846
9028,2025-11-28T13:13:05,negative_low,0.719
9029,2025-11-28T13:17:44,neutral,0.624
9030,2025-11-28T13:22:50,negative_low,0.721
9031,2025-11-28T13:28:42,neutral,0.86
9032,2025-11-28T13:32:12,neutral,0.734
9033,2025-11-28T13:37:10,negative_high,0.781
9034,2025-11-28T13:42:43,neutral,0.792
9035,2025-11-28T13:46:28,neutral,0.784
9036,2025-11-28T13:52:53,negative_low,0.889
9037,2025-11-28T13:58:49,neutral,0.809
9038,2025-11-28T14:01:34,negative_low,0.643
9039,2025-11-28T14:08:55,neutral,0.694
9040,2025-11-28T14:11:14,negative_high,0.649
9041,2025-11-28T14:16:09,positive,0.777
9042,2025-11-28T14:23:26,positive,0.855
9043,2025-11-28T15:22:47,negative_high,0.843
9044,2025-11-28T15:27:43,negative_high,0.714
9045,2025-11-28T15:32:43,negative_low,0.899
9046,2025-11-28T15:38:03,neutral,0.736
9047,2025-11-28T15:43:49,positive,0.718
9048,2025-11-28T15:46:08,negative_low,0.888
9049,2025-11-28T15:51:57,negative_low,0.914
9050,2025-11-28T15:58:39,neutral,0.774
9051,2025-11-28T16:02:15,positive,0.755
9052,2025-11-28T16:08:50,positive,0.798
9053,2025-11-28T16:11:52,negative_low,0.916
9054,2025-11-28T16:17:24,negative_low,0.94
9055,2025-11-28T16:21:35,positive,0.671
9056,2025-11-28T16:26:17,neutral,0.864
9057,2025-11-28T16:33:20,neutral,0.95
9058,2025-11-28T16:38:38,positive,0.922
9059,2025-11-28T16:42:36,negative_low,0.662
9060,2025-11-28T16:47:14,negative_low,0.792
9061,2025-11-28T16:52:26,negative_low,0.903
9062,2025-11-28T16:57:05,negative_low,0.912
9063,2025-11-28T17:01:08,negative_low,0.764
9064,2025-11-28T18:23:15,negative_high,0.867
9065,2025-11-28T18:28:10,negative_low,0.786
9066,2025-11-28T18:31:23,negative_low,0.853
9067,2025-11-28T18:37:16,positive,0.936
9068,2025-11-28T18:43:37,negative_high,0.673
9069,2025-11-28T18:47:19,neutral,0.69
9070,2025-11-28T18:51:29,negative_low,0.938
9071,2025-11-28T18:56:36,positive,0.675
9072,2025-11-28T19:01:45,negative_high,0.67
9073,2025-11-28T19:07:12,negative_low,0.722
9074,2025-11-28T19:13:48,negative_high,0.902
9075,2025-11-28T19:18:24,neutral,0.861
9076,2025-11-28T19:21:59,neutral,0.926
9077,2025-11-28T19:26:51,negative_high,0.753
9078,2025-11-28T19:32:18,negative_low,0.618
9079,2025-11-28T19:38:58,neutral,0.761
9080,2025-11-28T19:42:57,neutral,0.69
9081,2025-11-28T19:46:04,positive,0.683
9082,2025-11-28T19:52:29,neutral,0.899
9083,2025-11-28T19:57:06,positive,0.764
9084,2025-11-28T20:02:45,neutral,0.729
9085,2025-11-28T20:08:30,negative_low,0.833
9086,2025-11-28T20:12:26,negative_low,0.68
9087,2025-11-28T20:17:25,positive,0.707
9088,2025-11-28T20:21:16,positive,0.696
9089,2025-11-28T20:28:16,negative_low,0.649
9090,2025-11-28T20:31:31,negative_high,0.644
9091,2025-11-28T20:37:22,negative_high,0.909
9092,2025-11-28T20:43:44,negative_low,0.659
9093,2025-11-28T20:46:44,neutral,0.645
9094,2025-11-28T20:51:25,negative_low,0.698
9095,2025-11-28T20:56:53,negative_low,0.714
9096,2025-11-28T21:03:13,neutral,0.848
9097,2025-11-28T21:08:13,negative_low,0.661
9098,2025-11-28T21:13:05,negative_low,0.652
9099,2025-11-28T21:16:10,negative_high,0.655
9100,2025-11-28T21:21:35,positive,0.793
9101,2025-11-28T21:26:46,neutral,0.692
9102,2025-11-28T21:31:20,negative_low,0.886
9103,2025-11-28T21:37:21,neutral,0.834
9104,2025-11-28T21:43:39,negative_low,0.718
9105,2025-11-28T21:46:13,negative_high,0.841
9106,2025-11-28T21:52:44,negative_low,0.771
9107,2025-11-28T21:56:22,negative_low,0.709
9108,2025-11-28T22:02:58,positive,0.858
9109,2025-11-28T22:08:07,neutral,0.755
9110,2025-11-28T22:11:54,positive,0.604
9111,2025-11-28T22:16:32,positive,0.922
9112,2025-11-28T22:23:12,negative_high,0.695
9113,2025-11-28T22:26:32,negative_low,0.733
9114,2025-11-28T22:31:33,negative_low,0.878
9115,2025-11-28T22:36:43,positive,0.783
9116,2025-11-28T22:41:56,positive,0.733
9117,2025-11-28T22:47:16,negative_low,0.789
9118,2025-11-28T22:52:19,positive,0.68
9119,2025-11-28T22:57:51,negative_low,0.917
9120,2025-11-28T23:03:36,neutral,0.649
9121,2025-11-28T23:07:51,negative_low,0.736
9122,2025-11-28T23:12:54,positive,0.89
9123,2025-11-28T23:17:35,neutral,0.658
9124,2025-11-28T23:22:05,negative_low,0.748
9125,2025-11-28T23:28:56,negative_high,0.645
9126,2025-11-28T23:32:49,negative_high,0.83
9127,2025-11-28T23:37:19,negative_low,0.831
9128,2025-11-28T23:41:35,negative_low,0.635
9129,2025-11-28T23:48:10,negative_low,0.885
9130,2025-11-28T23:52:00,positive,0.926
9131,2025-11-29T08:00:34,negative_low,0.601
9132,2025-11-29T08:06:28,negative_low,0.847
9133,2025-11-29T08:12:18,positive,0.799
9134,2025-11-29T08:15:41,negative_low,0.858
9135,2025-11-29T08:20:40,negative_low,0.612
9136,2025-11-29T08:26:03,neutral,0.866
9137,2025-11-29T08:32:28,negative_low,0.948
9138,2025-11-29T08:36:06,negative_high,0.89
9139,2025-11-29T08:40:27,negative_low,0.912
9140,2025-11-29T08:45:01,negative_low,0.9
9141,2025-11-29T08:50:37,negative_high,0.842
9142,2025-11-29T08:57:28,negative_low,0.72
9143,2025-11-29T09:01:23,negative_high,0.912
9144,2025-11-29T09:06:46,neutral,0.658
9145,2025-11-29T09:10:22,positive,0.73
9146,2025-11-29T09:17:41,negative_low,0.892
9147,2025-11-29T09:22:24,negative_low,0.796
9148,2025-11-29T10:15:37,positive,0.678
9149,2025-11-29T10:20:57,negative_high,0.658
9150,2025-11-29T10:25:00,negative_low,0.834
9151,2025-11-29T10:30:44,positive,0.942
9152,2025-11-29T10:36:27,neutral,0.688
9153,2025-11-29T10:40:39,positive,0.646
9154,2025-11-29T10:47:09,positive,0.874
9155,2025-11-29T10:51:02,negative_low,0.869
9156,2025-11-29T10:57:03,negative_low,0.937
9157,2025-11-29T11:01:54,neutral,0.792
9158,2025-11-29T11:05:04,negative_low,0.646
9159,2025-11-29T11:12:50,negative_low,0.795
9160,2025-11-29T11:15:37,neutral,0.843
9161,2025-11-29T11:21:17,negative_high,0.725
9162,2025-11-29T11:27:08,negative_low,0.707
9163,2025-11-29T11:30:05,negative_low,0.793
9164,2025-11-29T11:35:37,negative_low,0.656
9165,2025-11-29T11:41:32,negative_low,0.721
9166,2025-11-29T11:47:23,neutral,0.92
9167,2025-11-29T11:50:20,negative_low,0.616
9168,2025-11-29T11:55:03,negative_low,0.922
9169,2025-11-29T12:01:49,positive,0.651
9170,2025-11-29T12:05:19,negative_low,0.88
9171,2025-11-29T12:12:13,negative_low,0.824
9172,2025-11-29T12:17:29,negative_low,0.685
9173,2025-11-29T12:22:43,positive,0.805
9174,2025-11-29T12:26:57,neutral,0.939
9175,2025-11-29T12:32:04,neutral,0.812
9176,2025-11-29T12:36:43,negative_high,0.847
9177,2025-11-29T12:40:50,negative_low,0.793
9178,2025-11-29T12:47:20,neutral,0.871
9179,2025-11-29T12:51:51,negative_low,0.909
9180,2025-11-29T12:57:21,negative_high,0.757
9181,2025-11-29T13:00:38,negative_low,0.757
9182,2025-11-29T13:07:28,negative_low,0.914
9183,2025-11-29T13:10:59,neutral,0.923
9184,2025-11-29T13:17:38,neutral,0.872
9185,2025-11-29T13:20:37,negative_high,0.91
9186,2025-11-29T13:25:51,negative_low,0.927
9187,2025-11-29T13:32:02,negative_low,0.903
9188,2025-11-29T13:37:45,negative_low,0.71
9189,2025-11-29T13:41:30,negative_low,0.885
9190,2025-11-29T13:47:22,negative_high,0.629
9191,2025-11-29T13:52:13,negative_low,0.936
9192,2025-11-29T13:56:04,negative_high,0.901
9193,2025-11-29T14:01:01,negative_low,0.895
9194,2025-11-29T14:05:12,negative_low,0.717
9195,2025-11-29T14:47:07,positive,0.863
9196,2025-11-29T14:52:21,negative_low,0.765
9197,2025-11-29T14:56:51,negative_low,0.748
9198,2025-11-29T15:02:50,negative_low,0.646
9199,2025-11-29T15:05:01,neutral,0.671
9200,2025-11-29T15:12:04,negative_high,0.643
9201,2025-11-29T15:17:37,neutral,0.83
9202,2025-11-29T15:21:37,neutral,0.906
9203,2025-11-29T15:26:37,negative_low,0.907
9204,2025-11-29T15:32:16,negative_low,0.817
9205,2025-11-29T15:36:38,negative_high,0.608
9206,2025-11-29T15:40:17,negative_high,0.735
9207,2025-11-29T15:45:41,negative_high,0.757
9208,2025-11-29T15:51:57,neutral,0.936
9209,2025-11-29T15:55:00,neutral,0.913
9210,2025-11-29T16:00:48,negative_low,0.693
9211,2025-11-29T16:06:03,negative_low,0.803
9212,2025-11-29T16:12:35,negative_low,0.673
9213,2025-11-29T16:17:26,negative_low,0.738
9214,2025-11-29T16:22:41,positive,0.946
9215,2025-11-29T16:26:18,negative_low,0.667
9216,2025-11-29T16:32:27,negative_low,0.625
9217,2025-11-29T16:35:06,neutral,0.825
9218,2025-11-29T16:40:27,negative_low,0.73
9219,2025-11-29T16:47:46,negative_low,0.81
9220,2025-11-29T16:52:27,negative_high,0.726
9221,2025-11-29T16:56:23,neutral,0.729
9222,2025-11-29T17:01:45,negative_high,0.812
9223,2025-11-29T17:05:21,negative_high,0.647
9224,2025-11-29T17:12:49,positive,0.861
9225,2025-11-29T17:16:44,negative_low,0.621
9226,2025-11-29T17:21:19,negative_high,0.85
9227,2025-11-29T17:26:54,negative_low,0.845
9228,2025-11-29T17:31:21,negative_low,0.681
9229,2025-11-29T17:37:20,neutral,0.619
9230,2025-11-29T17:41:16,negative_high,0.908
9231,2025-11-29T17:47:58,negative_low,0.883
9232,2025-11-29T17:51:15,neutral,0.689
9233,2025-11-29T17:56:50,positive,0.803
9234,2025-11-29T18:01:06,negative_low,0.836
9235,2025-11-29T18:05:41,negative_low,0.878
9236,2025-11-29T19:07:29,positive,0.626
9237,2025-11-29T19:11:35,positive,0.942
9238,2025-11-29T19:15:30,negative_low,0.68
9239,2025-11-29T19:22:01,negative_low,0.68
9240,2025-11-29T19:27:43,negative_low,0.692
9241,2025-11-29T19:30:11,negative_high,0.703
9242,2025-11-29T19:37:55,positive,0.64
9243,2025-11-29T19:42:27,negative_high,0.659
9244,2025-11-29T19:46:45,neutral,0.875
9245,2025-11-29T19:52:34,negative_high,0.618
9246,2025-11-29T19:56:50,positive,0.632
9247,2025-11-29T20:02:09,negative_low,0.682
9248,2025-11-29T20:05:19,negative_low,0.946
9249,2025-11-29T20:12:16,negative_high,0.785
9250,2025-11-29T20:15:57,negative_low,0.638
9251,2025-11-29T20:22:40,negative_low,0.87
9252,2025-11-29T20:26:15,negative_low,0.618
9253,2025-11-29T20:30:44,neutral,0.672
9254,2025-11-29T20:37:37,negative_low,0.853
9255,2025-11-29T20:40:39,negative_low,0.889
9256,2025-11-29T20:46:04,neutral,0.775
9257,2025-11-29T20:51:58,negative_low,0.758
9258,2025-11-29T20:56:31,negative_low,0.654
9259,2025-11-29T21:00:49,negative_low,0.865
9260,2025-11-29T21:05:32,neutral,0.839
9261,2025-11-29T21:10:57,negative_low,0.763
9262,2025-11-29T21:15:51,negative_low,0.847
9263,2025-11-29T21:21:06,positive,0.705
9264,2025-11-29T21:27:44,negative_high,0.906
9265,2025-11-29T21:31:25,neutral,0.883
9266,2025-11-29T21:36:50,negative_high,0.752
9267,2025-11-29T21:42:19,negative_low,0.611
9268,2025-11-29T21:46:52,negative_low,0.839
9269,2025-11-29T21:50:27,negative_low,0.668
9270,2025-11-29T21:57:06,neutral,0.75
9271,2025-11-29T22:00:29,negative_low,0.715
9272,2025-11-29T22:06:58,negative_low,0.819
9273,2025-11-29T22:11:55,neutral,0.932
9274,2025-11-29T22:17:36,neutral,0.89
9275,2025-11-29T22:20:06,neutral,0.602
9276,2025-11-29T22:25:48,negative_low,0.628
9277,2025-11-29T22:32:11,negative_low,0.925
9278,2025-11-29T22:35:02,negative_high,0.652
9279,2025-11-29T22:41:52,negative_low,0.762
9280,2025-11-29T22:46:13,negative_low,0.931
9281,2025-11-29T22:52:14,neutral,0.844
9282,2025-11-29T22:55:21,negative_high,0.933
9283,2025-11-29T23:02:16,negative_low,0.791
9284,2025-11-29T23:06:52,negative_high,0.896
9285,2025-11-29T23:12:31,negative_high,0.632
9286,2025-11-29T23:17:02,negative_low,0.91
9287,2025-11-29T23:21:10,negative_high,0.721
9288,2025-11-29T23:27:58,negative_low,0.916
9289,2025-11-29T23:30:07,negative_high,0.944
9290,2025-11-29T23:36:25,negative_high,0.696
9291,2025-11-29T23:41:48,negative_high,0.789
9292,2025-11-29T23:46:09,positive,0.807
9293,2025-11-29T23:50:25,neutral,0.831
9294,2025-11-29T23:56:24,negative_high,0.646
9295,2025-11-30T08:06:31,negative_low,0.916
9296,2025-11-30T08:10:47,neutral,0.707
9297,2025-11-30T08:16:07,neutral,0.697
9298,2025-11-30T08:20:46,negative_high,0.801
9299,2025-11-30T08:26:13,negative_low,0.712
9300,2025-11-30T08:31:57,neutral,0.683
9301,2025-11-30T08:35:02,neutral,0.719
9302,2025-11-30T08:40:18,positive,0.855
9303,2025-11-30T08:45:54,negative_low,0.643
9304,2025-11-30T08:50:14,positive,0.737
9305,2025-11-30T08:56:56,negative_high,0.743
9306,2025-11-30T09:02:20,negative_high,0.62
9307,2025-11-30T09:06:44,positive,0.788
9308,2025-11-30T09:11:46,neutral,0.922
9309,2025-11-30T10:15:26,neutral,0.714
9310,2025-11-30T10:20:54,neutral,0.835
9311,2025-11-30T10:25:10,neutral,0.782
9312,2025-11-30T10:32:59,negative_low,0.62
9313,2025-11-30T10:35:16,neutral,0.656
9314,2025-11-30T10:41:11,neutral,0.606
9315,2025-11-30T10:46:34,positive,0.78
9316,2025-11-30T10:50:33,neutral,0.628
9317,2025-11-30T10:55:38,neutral,0.667
9318,2025-11-30T11:02:39,negative_high,0.801
9319,2025-11-30T11:06:28,negative_high,0.925
9320,2025-11-30T11:10:38,neutral,0.779
9321,2025-11-30T11:15:41,negative_low,0.949
9322,2025-11-30T11:22:24,neutral,0.831
9323,2025-11-30T11:27:08,negative_low,0.684
9324,2025-11-30T11:30:28,neutral,0.877
9325,2025-11-30T11:37:46,negative_low,0.755
9326,2025-11-30T11:40:13,negative_low,0.759
9327,2025-11-30T11:46:54,negative_high,0.826
9328,2025-11-30T11:51:57,negative_high,0.662
9329,2025-11-30T11:55:41,neutral,0.833
9330,2025-11-30T12:01:18,negative_low,0.611
9331,2025-11-30T12:07:44,positive,0.687
9332,2025-11-30T12:12:05,negative_high,0.842
9333,2025-11-30T12:15:15,neutral,0.697
9334,2025-11-30T12:20:21,positive,0.61
9335,2025-11-30T12:26:14,negative_low,0.738
9336,2025-11-30T12:32:39,negative_low,0.92
9337,2025-11-30T12:37:33,negative_low,0.808
9338,2025-11-30T12:41:37,neutral,0.91
9339,2025-11-30T12:45:53,positive,0.757
9340,2025-11-30T12:52:33,positive,0.823
9341,2025-11-30T12:55:11,negative_low,0.616
9342,2025-11-30T13:02:41,negative_low,0.611
9343,2025-11-30T13:05:22,neutral,0.933
9344,2025-11-30T13:11:33,negative_low,0.908
9345,2025-11-30T13:16:22,negative_low,0.669
9346,2025-11-30T13:22:41,neutral,0.654
9347,2025-11-30T13:25:30,positive,0.881
9348,2025-11-30T13:32:39,negative_low,0.763
9349,2025-11-30T13:35:18,neutral,0.924
9350,2025-11-30T13:42:27,neutral,0.605
9351,2025-11-30T13:47:56,negative_high,0.801
9352,2025-11-30T13:52:56,positive,0.69
9353,2025-11-30T13:57:29,positive,0.847
9354,2025-11-30T14:02:37,negative_low,0.609
9355,2025-11-30T14:07:04,positive,0.918
9356,2025-11-30T14:11:49,negative_low,0.626
9357,2025-11-30T14:17:49,neutral,0.668
9358,2025-11-30T14:21:00,negative_high,0.716
9359,2025-11-30T14:26:43,positive,0.823
9360,2025-11-30T14:31:36,negative_low,0.871
9361,2025-11-30T14:35:33,negative_low,0.634
9362,2025-11-30T14:42:51,negative_low,0.619
9363,2025-11-30T14:45:21,neutral,0.773
9364,2025-11-30T14:51:03,neutral,0.758
9365,2025-11-30T14:56:00,positive,0.683
9366,2025-11-30T15:02:53,neutral,0.846
9367,2025-11-30T15:06:45,negative_high,0.654
9368,2025-11-30T15:11:19,negative_high,0.74
9369,2025-11-30T15:15:01,negative_low,0.684
9370,2025-11-30T15:21:07,neutral,0.603
9371,2025-11-30T15:25:21,negative_high,0.728
9372,2025-11-30T15:31:41,negative_high,0.926
9373,2025-11-30T15:37:37,neutral,0.609
9374,2025-11-30T15:41:12,negative_high,0.741
9375,2025-11-30T15:45:12,negative_low,0.891
9376,2025-11-30T15:51:19,negative_low,0.921
9377,2025-11-30T15:57:34,positive,0.764
9378,2025-11-30T16:02:08,positive,0.94
9379,2025-11-30T16:07:13,negative_high,0.883
9380,2025-11-30T16:10:55,negative_low,0.877
9381,2025-11-30T16:16:45,neutral,0.602
9382,2025-11-30T16:21:48,negative_low,0.876
9383,2025-11-30T16:27:45,positive,0.706
9384,2025-11-30T16:31:25,negative_high,0.708
9385,2025-11-30T16:35:02,neutral,0.642
9386,2025-11-30T16:40:22,negative_low,0.65
9387,2025-11-30T16:46:07,negative_low,0.778
9388,2025-11-30T16:51:35,neutral,0.706
9389,2025-11-30T16:57:39,negative_low,0.68
9390,2025-11-30T17:00:51,negative_low,0.714
9391,2025-11-30T17:05:43,positive,0.761
9392,2025-11-30T17:11:24,negative_low,0.883
9393,2025-11-30T17:17:19,neutral,0.773
9394,2025-11-30T17:22:51,negative_high,0.684
9395,2025-11-30T17:26:20,negative_high,0.648
9396,2025-11-30T17:32:23,negative_low,0.699
9397,2025-11-30T17:37:38,negative_low,0.802
9398,2025-11-30T17:42:45,positive,0.895
9399,2025-11-30T17:46:49,negative_low,0.782
9400,2025-11-30T17:51:00,negative_high,0.656
9401,2025-11-30T17:57:59,negative_low,0.725
9402,2025-11-30T18:01:31,negative_high,0.741
9403,2025-11-30T18:07:37,neutral,0.747
9404,2025-11-30T18:12:50,negative_high,0.919
9405,2025-11-30T18:16:18,negative_high,0.838
9406,2025-11-30T19:12:05,negative_low,0.736
9407,2025-11-30T19:16:20,negative_high,0.779
9408,2025-11-30T19:22:44,negative_low,0.637
9409,2025-11-30T19:26:51,positive,0.617
9410,2025-11-30T19:30:06,negative_high,0.646
9411,2025-11-30T19:36:33,negative_high,0.829
9412,2025-11-30T19:42:41,negative_low,0.852
9413,2025-11-30T19:46:20,negative_low,0.643
9414,2025-11-30T19:52:25,negative_low,0.948
9415,2025-11-30T19:56:46,negative_low,0.921
9416,2025-11-30T20:01:35,negative_high,0.918
9417,2025-11-30T20:05:30,negative_low,0.68
9418,2025-11-30T20:11:25,positive,0.846
9419,2025-11-30T20:17:27,negative_low,0.897
9420,2025-11-30T20:20:52,negative_low,0.894
9421,2025-11-30T20:27:05,positive,0.625
9422,2025-11-30T20:30:06,negative_high,0.743
9423,2025-11-30T20:35:35,negative_low,0.614
9424,2025-11-30T20:42:35,negative_high,0.885
9425,2025-11-30T20:45:38,negative_low,0.882
9426,2025-11-30T20:52:36,negative_low,0.934
9427,2025-11-30T20:56:37,negative_low,0.867
9428,2025-11-30T21:02:36,negative_low,0.885
9429,2025-11-30T21:05:27,negative_low,0.605
9430,2025-11-30T21:10:25,neutral,0.777
9431,2025-11-30T21:17:28,negative_low,0.737
9432,2025-11-30T21:20:51,positive,0.687
9433,2025-11-30T21:25:40,positive,0.829
9434,2025-11-30T21:31:27,positive,0.884
9435,2025-11-30T21:37:06,negative_high,0.724
9436,2025-11-30T21:40:06,positive,0.873
9437,2025-11-30T21:47:34,negative_low,0.757
9438,2025-11-30T21:50:22,neutral,0.702
9439,2025-11-30T21:57:54,negative_low,0.701
9440,2025-11-30T22:00:08,negative_low,0.656
9441,2025-11-30T22:07:41,positive,0.716
9442,2025-11-30T22:11:06,negative_low,0.888
9443,2025-11-30T22:17:40,negative_high,0.818
9444,2025-11-30T22:22:56,positive,0.879
9445,2025-11-30T22:27:24,negative_high,0.834
9446,2025-11-30T22:32:50,positive,0.731
9447,2025-11-30T22:35:51,neutral,0.673
9448,2025-11-30T22:41:22,negative_low,0.79
9449,2025-11-30T22:46:26,negative_low,0.81
9450,2025-11-30T22:52:22,positive,0.716
9451,2025-11-30T22:57:40,neutral,0.841
9452,2025-11-30T23:01:09,negative_low,0.734
9453,2025-11-30T23:06:41,negative_high,0.923
9454,2025-12-01T09:04:27,positive,0.644
9455,2025-12-01T09:10:20,negative_low,0.654
9456,2025-12-01T09:14:21,negative_low,0.615
9457,2025-12-01T09:20:19,negative_low,0.831
9458,2025-12-01T09:24:37,negative_high,0.744
9459,2025-12-01T09:31:07,neutral,0.833
9460,2025-12-01T09:34:07,negative_low,0.609
9461,2025-12-01T09:41:54,negative_low,0.821
9462,2025-12-01T09:45:42,negative_low,0.838
9463,2025-12-01T09:50:45,negative_high,0.83
9464,2025-12-01T09:55:08,negative_low,0.688
9465,2025-12-01T10:01:35,negative_low,0.895
9466,2025-12-01T10:06:07,negative_low,0.761
9467,2025-12-01T10:11:33,positive,0.937
9468,2025-12-01T11:01:18,negative_low,0.831
9469,2025-12-01T11:04:04,positive,0.648
9470,2025-12-01T11:10:13,negative_low,0.939
9471,2025-12-01T11:14:07,negative_low,0.725
9472,2025-12-01T11:20:52,positive,0.856
9473,2025-12-01T11:25:45,negative_high,0.9
9474,2025-12-01T11:30:59,positive,0.91
9475,2025-12-01T11:35:39,negative_low,0.714
9476,2025-12-01T11:41:52,negative_low,0.668
9477,2025-12-01T11:44:42,negative_low,0.876
9478,2025-12-01T11:51:49,neutral,0.731
9479,2025-12-01T11:54:39,neutral,0.84
9480,2025-12-01T12:00:31,neutral,0.823
9481,2025-12-01T12:04:02,negative_low,0.601
9482,2025-12-01T12:09:25,negative_low,0.79
9483,2025-12-01T12:15:21,negative_low,0.916
9484,2025-12-01T12:20:30,negative_low,0.605
9485,2025-12-01T12:25:51,negative_low,0.887
9486,2025-12-01T12:31:31,negative_low,0.731
9487,2025-12-01T12:35:54,positive,0.7
9488,2025-12-01T12:41:05,positive,0.949
9489,2025-12-01T12:46:34,negative_low,0.895
9490,2025-12-01T12:51:33,negative_low,0.69
9491,2025-12-01T12:55:36,negative_low,0.926
9492,2025-12-01T13:01:16,negative_low,0.668
9493,2025-12-01T13:04:28,negative_low,0.618
9494,2025-12-01T13:09:11,positive,0.706
9495,2025-12-01T13:14:58,neutral,0.864
9496,2025-12-01T13:20:57,negative_low,0.895
9497,2025-12-01T13:24:14,negative_high,0.926
9498,2025-12-01T13:31:23,negative_low,0.707
9499,2025-12-01T13:35:53,neutral,0.921
9500,2025-12-01T13:39:29,negative_low,0.873
9501,2025-12-01T13:45:09,neutral,0.894
9502,2025-12-01T13:51:16,negative_low,0.711
9503,2025-12-01T13:56:56,positive,0.893
9504,2025-12-01T14:00:56,neutral,0.832
9505,2025-12-01T14:04:52,negative_high,0.77
9506,2025-12-01T14:10:49,neutral,0.896
9507,2025-12-01T14:16:00,negative_high,0.918
9508,2025-12-01T14:21:38,neutral,0.946
9509,2025-12-01T14:24:36,negative_high,0.885
9510,2025-12-01T14:31:35,negative_high,0.668
9511,2025-12-01T14:36:57,negative_high,0.939
9512,2025-12-01T14:40:05,negative_low,0.66
9513,2025-12-01T14:45:16,positive,0.839
9514,2025-12-01T14:50:29,negative_high,0.733
9515,2025-12-01T14:55:46,neutral,0.758
9516,2025-12-01T15:00:18,neutral,0.942
9517,2025-12-01T15:04:03,negative_high,0.766
9518,2025-12-01T15:10:10,negative_high,0.601
9519,2025-12-01T15:16:23,negative_low,0.8
9520,2025-12-01T15:20:45,negative_high,0.824
9521,2025-12-01T15:26:19,neutral,0.722
9522,2025-12-01T15:30:44,negative_high,0.787
9523,2025-12-01T15:34:15,positive,0.675
9524,2025-12-01T15:41:52,negative_high,0.645
9525,2025-12-01T15:45:02,negative_low,0.78
9526,2025-12-01T15:50:47,negative_high,0.693
9527,2025-12-01T15:54:15,neutral,0.729
9528,2025-12-01T16:00:12,negative_low,0.652
9529,2025-12-01T16:05:46,negative_low,0.821
9530,2025-12-01T16:09:00,negative_high,0.678
9531,2025-12-01T16:15:16,negative_low,0.72
9532,2025-12-01T16:21:08,neutral,0.617
9533,2025-12-01T16:26:28,negative_low,0.728
9534,2025-12-01T16:29:47,negative_low,0.655
9535,2025-12-01T16:35:56,negative_high,0.764
9536,2025-12-01T16:39:31,negative_high,0.87
9537,2025-12-01T16:44:19,neutral,0.815
9538,2025-12-01T16:49:20,negative_low,0.81
9539,2025-12-01T16:54:31,negative_high,0.843
9540,2025-12-01T17:00:49,neutral,0.806
9541,2025-12-01T17:05:38,negative_low,0.883
9542,2025-12-01T17:10:34,negative_low,0.869
9543,2025-12-01T17:14:50,negative_low,0.742
9544,2025-12-01T17:20:47,neutral,0.883
9545,2025-12-01T18:30:58,negative_high,0.681
9546,2025-12-01T18:35:35,negative_low,0.671
9547,2025-12-01T18:39:25,negative_high,0.66
9548,2025-12-01T18:44:21,negative_low,0.661
9549,2025-12-01T18:49:09,negative_high,0.69
9550,2025-12-01T18:56:26,negative_low,0.707
9551,2025-12-01T19:00:38,negative_low,0.881
9552,2025-12-01T19:04:15,negative_low,0.677
9553,2025-12-01T19:09:08,negative_low,0.92
9554,2025-12-01T19:14:06,negative_low,0.784
9555,2025-12-01T19:21:16,positive,0.607
9556,2025-12-01T19:24:05,negative_low,0.744
9557,2025-12-01T19:29:51,positive,0.799
9558,2025-12-01T19:35:41,positive,0.948
9559,2025-12-01T19:39:50,neutral,0.831
9560,2025-12-01T19:44:21,neutral,0.7
9561,2025-12-01T19:50:33,negative_low,0.655
9562,2025-12-01T19:54:22,negative_high,0.663
9563,2025-12-01T20:00:58,negative_low,0.945
9564,2025-12-01T20:06:03,positive,0.852
9565,2025-12-01T20:09:29,negative_low,0.701
9566,2025-12-01T20:16:26,negative_low,0.851
9567,2025-12-01T20:21:25,neutral,0.636
9568,2025-12-01T20:24:29,negative_high,0.89
9569,2025-12-01T20:29:19,negative_high,0.938
9570,2025-12-01T20:34:39,positive,0.626
9571,2025-12-01T20:40:17,negative_low,0.676
9572,2025-12-01T20:45:50,neutral,0.617
9573,2025-12-01T20:51:37,positive,0.736
9574,2025-12-01T20:55:18,negative_low,0.838
9575,2025-12-01T21:00:12,negative_high,0.713
9576,2025-12-01T21:04:38,negative_low,0.786
9577,2025-12-01T21:09:46,negative_high,0.805
9578,2025-12-01T21:15:42,negative_high,0.906
9579,2025-12-01T21:20:18,negative_high,0.906
9580,2025-12-01T21:26:57,negative_high,0.763
9581,2025-12-01T21:31:29,negative_low,0.875
9582,2025-12-01T21:34:37,negative_low,0.883
9583,2025-12-01T21:39:33,negative_low,0.736
9584,2025-12-01T21:44:50,positive,0.671
9585,2025-12-01T21:50:52,negative_low,0.944
9586,2025-12-01T21:54:52,neutral,0.634
9587,2025-12-01T22:01:35,negative_high,0.802
9588,2025-12-01T22:04:36,neutral,0.924
9589,2025-12-01T22:09:28,positive,0.694
9590,2025-12-01T22:16:43,negative_high,0.874
9591,2025-12-01T22:20:12,negative_high,0.88
9592,2025-12-01T22:26:49,neutral,0.876
9593,2025-12-01T22:30:46,negative_low,0.62
9594,2025-12-01T22:34:30,negative_low,0.673
9595,2025-12-01T22:40:09,positive,0.93
9596,2025-12-01T22:44:22,negative_low,0.661
9597,2025-12-01T22:51:28,positive,0.686
9598,2025-12-01T22:54:58,negative_high,0.663
9599,2025-12-01T23:00:55,negative_low,0.611
9600,2025-12-01T23:06:25,negative_low,0.818
9601,2025-12-01T23:10:27,negative_low,0.631
9602,2025-12-01T23:15:23,negative_low,0.693
9603,2025-12-01T23:19:08,negative_low,0.661
9604,2025-12-01T23:24:15,negative_low,0.85
9605,2025-12-01T23:30:26,negative_low,0.705
9606,2025-12-01T23:34:07,negative_low,0.681
9607,2025-12-01T23:41:48,positive,0.905
9608,2025-12-01T23:45:01,neutral,0.671
9609,2025-12-01T23:51:20,negative_low,0.92
9610,2025-12-01T23:54:49,negative_high,0.928
9611,2025-12-02T09:01:54,negative_high,0.745
9612,2025-12-02T09:06:10,neutral,0.783
9613,2025-12-02T09:11:21,positive,0.811
9614,2025-12-02T09:16:15,positive,0.671
9615,2025-12-02T09:21:33,neutral,0.786
9616,2025-12-02T09:27:18,positive,0.754
9617,2025-12-02T09:33:21,negative_low,0.648
9618,2025-12-02T09:37:58,positive,0.814
9619,2025-12-02T09:43:20,neutral,0.718
9620,2025-12-02T09:46:54,neutral,0.819
9621,2025-12-02T09:51:35,negative_low,0.8
9622,2025-12-02T09:57:50,negative_low,0.628
9623,2025-12-02T10:01:10,neutral,0.863
9624,2025-12-02T11:27:51,positive,0.92
9625,2025-12-02T11:33:21,neutral,0.874
9626,2025-12-02T11:38:28,negative_high,0.804
9627,2025-12-02T11:43:24,negative_low,0.856
9628,2025-12-02T11:46:59,negative_low,0.768
9629,2025-12-02T11:53:31,neutral,0.786
9630,2025-12-02T11:57:13,negative_low,0.759
9631,2025-12-02T12:03:52,negative_high,0.638
9632,2025-12-02T12:07:54,negative_low,0.636
9633,2025-12-02T12:11:54,negative_high,0.653
9634,2025-12-02T12:18:15,negative_low,0.695
9635,2025-12-02T12:23:08,positive,0.742
9636,2025-12-02T12:27:12,neutral,0.785
9637,2025-12-02T12:33:44,positive,0.791
9638,2025-12-02T12:37:21,negative_low,0.716
9639,2025-12-02T12:42:49,neutral,0.738
9640,2025-12-02T12:47:46,neutral,0.719
9641,2025-12-02T12:53:18,negative_low,0.73
9642,2025-12-02T12:57:22,neutral,0.72
9643,2025-12-02T13:31:20,negative_high,0.62
9644,2025-12-02T13:37:04,positive,0.707
9645,2025-12-02T13:43:52,negative_low,0.932
9646,2025-12-02T13:48:14,negative_low,0.757
9647,2025-12-02T13:51:29,negative_low,0.75
9648,2025-12-02T13:56:25,negative_high,0.615
9649,2025-12-02T14:02:30,negative_high,0.863
9650,2025-12-02T14:06:19,negative_high,0.893
9651,2025-12-02T14:12:59,neutral,0.782
9652,2025-12-02T14:17:16,negative_low,0.627
9653,2025-12-02T14:21:39,negative_low,0.615
9654,2025-12-02T14:27:16,positive,0.808
9655,2025-12-02T14:33:54,neutral,0.751
9656,2025-12-02T14:37:55,positive,0.82
9657,2025-12-02T14:43:17,neutral,0.825
9658,2025-12-02T14:48:38,negative_high,0.787
9659,2025-12-02T14:52:37,negative_high,0.791
9660,2025-12-02T14:57:52,negative_low,0.764
9661,2025-12-02T15:03:28,neutral,0.611
9662,2025-12-02T15:08:22,neutral,0.857
9663,2025-12-02T15:12:16,negative_low,0.938
9664,2025-12-02T15:16:30,negative_low,0.787
9665,2025-12-02T15:23:39,neutral,0.793
9666,2025-12-02T15:27:02,negative_low,0.787
9667,2025-12-02T15:32:00,negative_low,0.812
9668,2025-12-02T15:36:11,positive,0.613
9669,2025-12-02T15:42:23,negative_high,0.637
9670,2025-12-02T15:48:14,negative_low,0.768
9671,2025-12-02T15:51:58,negative_high,0.702
9672,2025-12-02T15:56:17,neutral,0.701
9673,2025-12-02T16:03:12,negative_high,0.787
9674,2025-12-02T16:06:25,negative_low,0.726
9675,2025-12-02T16:13:34,neutral,0.642
9676,2025-12-02T16:18:35,negative_low,0.754
9677,2025-12-02T16:22:55,negative_low,0.738
9678,2025-12-02T16:28:29,negative_low,0.94
9679,2025-12-02T16:31:04,negative_low,0.947
9680,2025-12-02T16:38:28,negative_high,0.922
9681,2025-12-02T16:41:18,neutral,0.814
9682,2025-12-02T16:46:00,negative_high,0.804
9683,2025-12-02T16:53:28,negative_low,0.85
9684,2025-12-02T16:56:48,negative_low,0.695
9685,2025-12-02T18:03:40,negative_low,0.666
9686,2025-12-02T18:08:31,negative_low,0.715
9687,2025-12-02T18:12:59,negative_low,0.881
9688,2025-12-02T18:17:52,negative_high,0.739
9689,2025-12-02T18:21:45,negative_high,0.622
9690,2025-12-02T18:27:43,negative_low,0.781
9691,2025-12-02T18:31:45,positive,0.901
9692,2025-12-02T18:37:42,positive,0.93
9693,2025-12-02T18:41:54,negative_low,0.799
9694,2025-12-02T18:48:12,negative_high,0.716
9695,2025-12-02T18:53:12,neutral,0.665
9696,2025-12-02T18:57:12,negative_low,0.903
9697,2025-12-02T19:02:46,neutral,0.879
9698,2025-12-02T19:08:49,negative_low,0.755
9699,2025-12-02T19:11:11,negative_high,0.717
9700,2025-12-02T19:16:54,negative_low,0.864
9701,2025-12-02T19:23:11,negative_low,0.935
9702,2025-12-02T19:28:09,negative_low,0.651
9703,2025-12-02T19:32:08,negative_low,0.775
9704,2025-12-02T19:37:19,negative_high,0.903
9705,2025-12-02T19:41:41,positive,0.896
9706,2025-12-02T19:47:50,negative_high,0.746
9707,2025-12-02T19:52:21,negative_high,0.854
9708,2025-12-02T19:57:21,positive,0.765
9709,2025-12-02T20:02:01,negative_high,0.606
9710,2025-12-02T20:07:20,negative_low,0.851
9711,2025-12-02T20:11:36,negative_low,0.835
9712,2025-12-02T20:16:20,negative_high,0.74
9713,2025-12-02T20:23:54,negative_low,0.618
9714,2025-12-02T20:27:33,positive,0.772
9715,2025-12-02T20:32:29,negative_high,0.65
9716,2025-12-02T20:37:42,neutral,0.79
9717,2025-12-02T20:42:58,negative_low,0.696
9718,2025-12-02T20:46:54,neutral,0.621
9719,2025-12-02T20:51:12,positive,0.784
9720,2025-12-02T20:58:22,negative_high,0.814
9721,2025-12-02T21:01:07,negative_high,0.882
9722,2025-12-02T21:06:17,negative_high,0.893
9723,2025-12-02T21:13:15,negative_low,0.673
9724,2025-12-02T21:18:02,neutral,0.929
9725,2025-12-02T21:21:03,neutral,0.865
9726,2025-12-02T21:26:49,negative_low,0.639
9727,2025-12-02T21:33:17,negative_low,0.63
9728,2025-12-02T21:38:29,neutral,0.695
9729,2025-12-02T21:43:13,negative_high,0.875
9730,2025-12-02T21:46:44,positive,0.938
9731,2025-12-02T21:53:48,negative_high,0.725
9732,2025-12-02T21:56:32,negative_low,0.916
9733,2025-12-02T22:01:53,neutral,0.909
9734,2025-12-02T22:07:35,positive,0.843
9735,2025-12-02T22:11:20,negative_low,0.812
9736,2025-12-02T22:18:14,negative_low,0.764
9737,2025-12-02T22:22:02,neutral,0.876
9738,2025-12-02T22:26:26,negative_low,0.604
9739,2025-12-02T22:32:01,negative_high,0.923
9740,2025-12-02T22:38:43,negative_high,0.684
9741,2025-12-02T22:43:03,negative_high,0.617
9742,2025-12-02T22:47:15,negative_low,0.777
9743,2025-12-02T22:51:41,negative_low,0.628
9744,2025-12-02T22:58:50,positive,0.678
9745,2025-12-02T23:03:00,negative_low,0.648
9746,2025-12-02T23:06:25,negative_low,0.766
9747,2025-12-02T23:11:47,negative_low,0.827
9748,2025-12-02T23:16:12,negative_low,0.791
9749,2025-12-02T23:22:53,negative_low,0.743
9750,2025-12-02T23:28:01,negative_low,0.872
9751,2025-12-02T23:32:54,negative_low,0.914
9752,2025-12-02T23:37:27,negative_high,0.63
9753,2025-12-02T23:41:23,negative_low,0.83
9754,2025-12-02T23:46:49,negative_high,0.836
9755,2025-12-02T23:52:20,neutral,0.624
9756,2025-12-02T23:56:26,neutral,0.704
9757,2025-12-03T09:03:53,negative_high,0.944
9758,2025-12-03T09:08:29,negative_low,0.609
9759,2025-12-03T09:13:49,neutral,0.854
9760,2025-12-03T09:19:33,positive,0.688
9761,2025-12-03T09:23:37,negative_low,0.868
9762,2025-12-03T09:28:47,negative_high,0.754
9763,2025-12-03T09:34:03,positive,0.683
9764,2025-12-03T09:38:55,negative_low,0.612
9765,2025-12-03T09:44:38,negative_low,0.836
9766,2025-12-03T09:47:50,negative_low,0.718
9767,2025-12-03T09:53:14,negative_low,0.792
9768,2025-12-03T09:57:17,negative_low,0.793
9769,2025-12-03T10:03:25,neutral,0.811
9770,2025-12-03T10:09:35,neutral,0.731
9771,2025-12-03T11:33:26,negative_low,0.882
9772,2025-12-03T11:39:50,negative_low,0.657
9773,2025-12-03T11:44:13,positive,0.769
9774,2025-12-03T11:47:32,neutral,0.839
9775,2025-12-03T11:53:30,negative_high,0.946
9776,2025-12-03T11:59:20,negative_low,0.735
9777,2025-12-03T12:04:49,negative_low,0.906
9778,2025-12-03T12:08:34,negative_low,0.686
9779,2025-12-03T12:13:08,negative_high,0.722
9780,2025-12-03T12:18:27,negative_low,0.756
9781,2025-12-03T12:24:33,neutral,0.657
9782,2025-12-03T12:28:09,neutral,0.932
9783,2025-12-03T12:33:38,neutral,0.831
9784,2025-12-03T12:38:39,positive,0.918
9785,2025-12-03T12:44:41,negative_low,0.653
9786,2025-12-03T12:47:42,negative_high,0.621
9787,2025-12-03T12:52:45,negative_high,0.717
9788,2025-12-03T12:59:06,negative_high,0.921
9789,2025-12-03T13:04:55,negative_high,0.878
9790,2025-12-03T13:07:29,neutral,0.793
9791,2025-12-03T13:13:50,positive,0.926
9792,2025-12-03T13:18:48,negative_low,0.655
9793,2025-12-03T13:23:00,neutral,0.658
9794,2025-12-03T13:27:40,negative_low,0.668
9795,2025-12-03T13:32:08,neutral,0.761
9796,2025-12-03T13:38:19,negative_low,0.731
9797,2025-12-03T13:42:30,negative_high,0.933
9798,2025-12-03T13:49:45,negative_high,0.646
9799,2025-12-03T13:53:10,negative_high,0.666
9800,2025-12-03T13:59:43,negative_high,0.929
9801,2025-12-03T14:04:38,positive,0.929
9802,2025-12-03T14:08:39,positive,0.649
9803,2025-12-03T14:14:44,negative_high,0.647
9804,2025-12-03T14:18:50,negative_low,0.864
9805,2025-12-03T14:24:34,negative_low,0.724
9806,2025-12-03T14:29:13,negative_high,0.616
9807,2025-12-03T14:32:36,negative_high,0.935
9808,2025-12-03T14:37:09,negative_high,0.902
9809,2025-12-03T14:43:10,negative_low,0.805
9810,2025-12-03T14:48:17,negative_high,0.847
9811,2025-12-03T14:54:07,positive,0.791
9812,2025-12-03T14:57:04,negative_low,0.934
9813,2025-12-03T15:02:34,negative_low,0.669
9814,2025-12-03T15:09:53,positive,0.658
9815,2025-12-03T15:14:52,neutral,0.917
9816,2025-12-03T15:17:49,neutral,0.648
9817,2025-12-03T15:23:43,negative_low,0.708
9818,2025-12-03T15:27:24,positive,0.664
9819,2025-12-03T15:34:08,negative_high,0.932
9820,2025-12-03T15:38:22,positive,0.635
9821,2025-12-03T15:42:30,neutral,0.871
9822,2025-12-03T15:49:38,neutral,0.83
9823,2025-12-03T15:53:32,negative_low,0.778
9824,2025-12-03T15:57:17,neutral,0.867
9825,2025-12-03T16:03:41,positive,0.738
9826,2025-12-03T16:08:20,positive,0.871
9827,2025-12-03T16:13:59,negative_high,0.668
9828,2025-12-03T16:18:22,positive,0.803
9829,2025-12-03T16:24:35,positive,0.835
9830,2025-12-03T16:29:39,negative_low,0.643
9831,2025-12-03T16:32:20,positive,0.687
9832,2025-12-03T16:39:26,negative_low,0.801
9833,2025-12-03T16:44:43,negative_high,0.606
9834,2025-12-03T16:48:06,negative_high,0.626
9835,2025-12-03T16:52:54,negative_low,0.614
9836,2025-12-03T16:58:23,negative_low,0.624
9837,2025-12-03T17:04:33,negative_low,0.6
9838,2025-12-03T17:07:45,negative_low,0.655
9839,2025-12-03T17:12:08,negative_low,0.761
9840,2025-12-03T17:18:51,neutral,0.866
9841,2025-12-03T17:23:23,positive,0.686
9842,2025-12-03T17:27:52,negative_high,0.949
9843,2025-12-03T18:13:40,negative_high,0.822
9844,2025-12-03T18:18:32,neutral,0.691
9845,2025-12-03T18:22:05,negative_low,0.803
9846,2025-12-03T18:29:29,negative_low,0.927
9847,2025-12-03T18:34:25,negative_low,0.603
9848,2025-12-03T18:38:15,neutral,0.638
9849,2025-12-03T18:43:21,negative_high,0.747
9850,2025-12-03T18:48:11,neutral,0.931
9851,2025-12-03T18:53:04,negative_high,0.914
9852,2025-12-03T18:58:07,negative_low,0.632
9853,2025-12-03T19:03:12,negative_low,0.789
9854,2025-12-03T19:08:06,neutral,0.665
9855,2025-12-03T19:14:08,negative_low,0.674
9856,2025-12-03T19:18:26,positive,0.818
9857,2025-12-03T19:24:35,negative_high,0.879
9858,2025-12-03T19:27:20,neutral,0.816
9859,2025-12-03T19:33:24,negative_low,0.719
9860,2025-12-03T19:39:06,neutral,0.932
9861,2025-12-03T19:44:20,positive,0.601
9862,2025-12-03T19:49:47,neutral,0.608
9863,2025-12-03T19:54:32,neutral,0.939
9864,2025-12-03T19:58:08,neutral,0.856
9865,2025-12-03T20:04:24,positive,0.668
9866,2025-12-03T20:09:58,positive,0.719
9867,2025-12-03T20:14:34,negative_high,0.717
9868,2025-12-03T20:18:03,negative_low,0.83
9869,2025-12-03T20:24:32,neutral,0.908
9870,2025-12-03T20:28:30,negative_low,0.619
9871,2025-12-03T20:33:06,negative_low,0.729
9872,2025-12-03T20:39:51,negative_low,0.658
9873,2025-12-03T20:44:37,neutral,0.621
9874,2025-12-03T20:47:43,negative_low,0.934
9875,2025-12-03T20:53:47,positive,0.745
9876,2025-12-03T20:58:37,negative_low,0.789
9877,2025-12-03T21:03:15,negative_low,0.884
9878,2025-12-03T21:09:45,negative_low,0.942
9879,2025-12-03T21:14:27,negative_high,0.866
9880,2025-12-03T21:18:36,negative_high,0.795
9881,2025-12-03T21:24:15,neutral,0.667
9882,2025-12-03T21:29:47,positive,0.793
9883,2025-12-03T21:33:34,neutral,0.723
9884,2025-12-03T21:38:30,neutral,0.897
9885,2025-12-03T21:42:20,negative_low,0.785
9886,2025-12-03T21:48:44,neutral,0.874
9887,2025-12-03T21:54:23,positive,0.827
9888,2025-12-03T21:57:04,negative_low,0.612
9889,2025-12-03T22:02:44,positive,0.888
9890,2025-12-03T22:09:07,negative_high,0.879
9891,2025-12-03T22:14:33,negative_low,0.666
9892,2025-12-03T22:18:35,negative_high,0.707
9893,2025-12-03T22:23:17,neutral,0.622
9894,2025-12-03T22:29:39,negative_low,0.701
9895,2025-12-03T22:33:26,neutral,0.879
9896,2025-12-03T22:37:17,negative_high,0.772
9897,2025-12-03T22:42:14,positive,0.819
9898,2025-12-03T22:48:49,negative_low,0.616
9899,2025-12-03T22:52:26,negative_low,0.916
9900,2025-12-03T22:58:09,negative_low,0.942
9901,2025-12-03T23:04:55,positive,0.892
9902,2025-12-03T23:09:08,neutral,0.852
9903,2025-12-03T23:12:15,neutral,0.892
9904,2025-12-03T23:19:38,negative_low,0.811
9905,2025-12-03T23:24:16,positive,0.605
9906,2025-12-04T09:12:45,negative_high,0.949
9907,2025-12-04T09:16:32,negative_low,0.8
9908,2025-12-04T09:23:35,negative_low,0.867
9909,2025-12-04T09:28:13,neutral,0.669
9910,2025-12-04T09:33:56,negative_high,0.623
9911,2025-12-04T09:36:16,negative_high,0.623
9912,2025-12-04T09:42:03,negative_low,0.684
9913,2025-12-04T09:47:04,positive,0.93
9914,2025-12-04T09:53:53,negative_low,0.731
9915,2025-12-04T09:57:06,positive,0.895
9916,2025-12-04T10:03:13,negative_high,0.795
9917,2025-12-04T10:06:09,negative_low,0.837
9918,2025-12-04T10:11:01,negative_high,0.781
9919,2025-12-04T11:11:12,negative_high,0.815
9920,2025-12-04T11:18:32,negative_low,0.66
9921,2025-12-04T11:21:15,negative_low,0.697
9922,2025-12-04T11:27:58,positive,0.762
9923,2025-12-04T11:31:19,negative_low,0.814
9924,2025-12-04T11:37:33,negative_low,0.853
9925,2025-12-04T11:41:45,negative_low,0.941
9926,2025-12-04T11:46:29,neutral,0.6
9927,2025-12-04T11:52:19,positive,0.603
9928,2025-12-04T11:57:07,negative_low,0.851
9929,2025-12-04T12:03:52,negative_low,0.73
9930,2025-12-04T12:06:48,positive,0.69
9931,2025-12-04T12:13:31,negative_low,0.916
9932,2025-12-04T12:16:57,negative_low,0.946
9933,2025-12-04T12:23:36,negative_high,0.688
9934,2025-12-04T12:27:46,positive,0.617
9935,2025-12-04T12:31:49,negative_low,0.663
9936,2025-12-04T12:36:06,negative_high,0.891
9937,2025-12-04T12:41:44,negative_low,0.926
9938,2025-12-04T12:48:57,negative_low,0.852
9939,2025-12-04T12:51:11,negative_low,0.876
9940,2025-12-04T12:58:32,neutral,0.688
9941,2025-12-04T13:01:07,negative_low,0.602
9942,2025-12-04T13:08:10,negative_high,0.695
9943,2025-12-04T13:13:13,negative_high,0.797
9944,2025-12-04T13:17:31,negative_low,0.618
9945,2025-12-04T13:23:01,neutral,0.691
9946,2025-12-04T13:26:37,negative_low,0.641
9947,2025-12-04T14:23:18,negative_low,0.949
9948,2025-12-04T14:26:23,negative_high,0.615
9949,2025-12-04T14:31:02,negative_high,0.661
9950,2025-12-04T14:36:19,positive,0.612
9951,2025-12-04T14:41:48,negative_high,0.704
9952,2025-12-04T14:47:17,negative_high,0.801
9953,2025-12-04T14:52:31,negative_low,0.806
9954,2025-12-04T14:57:28,positive,0.672
9955,2025-12-04T15:02:26,negative_low,0.928
9956,2025-12-04T15:07:15,neutral,0.724
9957,2025-12-04T15:11:16,negative_high,0.85
9958,2025-12-04T15:18:34,negative_low,0.623
9959,2025-12-04T15:21:09,negative_low,0.63
9960,2025-12-04T15:27:01,negative_low,0.76
9961,2025-12-04T15:33:46,negative_low,0.801
9962,2025-12-04T15:36:49,negative_low,0.687
9963,2025-12-04T15:43:29,negative_high,0.8
9964,2025-12-04T15:46:45,negative_low,0.69
9965,2025-12-04T15:51:42,negative_low,0.692
9966,2025-12-04T15:56:35,neutral,0.898
9967,2025-12-04T16:01:55,positive,0.868
9968,2025-12-04T16:08:24,neutral,0.936
9969,2025-12-04T16:11:11,negative_low,0.7
9970,2025-12-04T16:18:28,neutral,0.866
9971,2025-12-04T16:21:43,positive,0.627
9972,2025-12-04T16:28:08,neutral,0.636
9973,2025-12-04T16:31:46,negative_low,0.73
9974,2025-12-04T16:38:41,negative_low,0.926
9975,2025-12-04T16:43:41,positive,0.713
9976,2025-12-04T16:47:56,negative_low,0.73
9977,2025-12-04T16:52:20,negative_low,0.647
9978,2025-12-04T16:57:21,negative_low,0.632
9979,2025-12-04T17:03:30,negative_low,0.685
9980,2025-12-04T17:06:29,negative_high,0.639
9981,2025-12-04T17:12:22,negative_low,0.887
9982,2025-12-04T17:17:17,neutral,0.632
9983,2025-12-04T17:22:30,negative_low,0.927
9984,2025-12-04T17:28:56,negative_low,0.666
9985,2025-12-04T17:31:36,negative_low,0.643
9986,2025-12-04T17:36:41,negative_low,0.828
9987,2025-12-04T17:41:11,negative_low,0.738
9988,2025-12-04T17:46:28,negative_high,0.712
9989,2025-12-04T17:53:41,positive,0.791
9990,2025-12-04T17:58:03,negative_high,0.84
9991,2025-12-04T18:03:43,positive,0.616
9992,2025-12-04T18:52:48,negative_high,0.659
9993,2025-12-04T18:58:12,negative_low,0.775
9994,2025-12-04T19:01:14,negative_high,0.745
9995,2025-12-04T19:07:34,negative_low,0.666
9996,2025-12-04T19:11:03,negative_low,0.703
9997,2025-12-04T19:18:35,negative_high,0.73
9998,2025-12-04T19:23:27,negative_low,0.675
9999,2025-12-04T19:28:07,negative_low,0.899
10000,2025-12-04T19:33:29,negative_low,0.815
10001,2025-12-04T19:37:19,negative_low,0.893
10002,2025-12-04T19:41:00,neutral,0.753
10003,2025-12-04T19:48:17,negative_high,0.741
10004,2025-12-04T19:51:34,negative_low,0.694
10005,2025-12-04T19:56:45,negative_low,0.834
10006,2025-12-04T20:02:36,negative_low,0.943
10007,2025-12-04T20:07:49,negative_high,0.847
10008,2025-12-04T20:11:00,negative_low,0.795
10009,2025-12-04T20:17:01,negative_low,0.925
10010,2025-12-04T20:23:29,negative_high,0.859
10011,2025-12-04T20:26:06,negative_low,0.737
10012,2025-12-04T20:32:00,positive,0.806
10013,2025-12-04T20:38:00,negative_low,0.841
10014,2025-12-04T20:41:55,negative_low,0.759
10015,2025-12-04T20:46:05,positive,0.81
10016,2025-12-04T20:51:34,positive,0.688
10017,2025-12-04T20:57:25,neutral,0.805
10018,2025-12-04T21:02:22,negative_low,0.815
10019,2025-12-04T21:08:55,negative_high,0.87
10020,2025-12-04T21:13:23,negative_low,0.797
10021,2025-12-04T21:17:54,negative_low,0.789
10022,2025-12-04T21:21:20,neutral,0.713
10023,2025-12-04T21:27:10,negative_low,0.805
10024,2025-12-04T21:31:55,negative_low,0.883
10025,2025-12-04T21:36:25,negative_low,0.907
10026,2025-12-04T21:42:19,negative_high,0.619
10027,2025-12-04T21:46:50,negative_low,0.694
10028,2025-12-04T21:53:30,positive,0.907
10029,2025-12-04T21:58:41,neutral,0.918
10030,2025-12-04T22:01:39,negative_high,0.754
10031,2025-12-04T22:08:32,negative_high,0.63
10032,2025-12-04T22:13:13,negative_high,0.676
10033,2025-12-04T22:16:42,negative_low,0.641
10034,2025-12-04T22:22:35,neutral,0.908
10035,2025-12-04T22:27:38,negative_low,0.668
10036,2025-12-04T22:33:18,negative_low,0.792
10037,2025-12-04T22:36:23,negative_low,0.653
10038,2025-12-04T22:42:53,negative_low,0.792
10039,2025-12-04T22:46:32,neutral,0.908
10040,2025-12-04T22:53:00,negative_high,0.922
10041,2025-12-04T22:57:29,positive,0.76
10042,2025-12-04T23:02:35,neutral,0.7
10043,2025-12-04T23:08:52,negative_low,0.642
10044,2025-12-04T23:13:50,neutral,0.664
10045,2025-12-04T23:16:42,negative_low,0.842
10046,2025-12-04T23:21:12,negative_low,0.854
10047,2025-12-04T23:28:19,negative_low,0.908
10048,2025-12-04T23:31:13,negative_high,0.842
10049,2025-12-04T23:37:40,negative_low,0.836
10050,2025-12-04T23:41:07,negative_low,0.932
10051,2025-12-04T23:48:14,negative_low,0.736
10052,2025-12-04T23:51:29,neutral,0.792
10053,2025-12-04T23:57:43,negative_low,0.888
10054,2025-12-05T08:32:37,neutral,0.648
10055,2025-12-05T08:39:23,negative_low,0.631
10056,2025-12-05T08:43:16,neutral,0.733
10057,2025-12-05T08:48:31,negative_high,0.608
10058,2025-12-05T08:52:18,negative_high,0.802
10059,2025-12-05T08:57:52,negative_low,0.824
10060,2025-12-05T09:03:25,negative_high,0.887
10061,2025-12-05T09:07:56,negative_low,0.851
10062,2025-12-05T10:23:17,negative_high,0.764
10063,2025-12-05T10:28:09,negative_high,0.609
10064,2025-12-05T10:34:40,positive,0.631
10065,2025-12-05T10:39:54,neutral,0.629
10066,2025-12-05T10:42:00,negative_low,0.947
10067,2025-12-05T10:49:06,negative_low,0.656
10068,2025-12-05T10:54:36,negative_low,0.893
10069,2025-12-05T10:57:56,positive,0.63
10070,2025-12-05T11:04:16,neutral,0.772
10071,2025-12-05T11:08:45,positive,0.81
10072,2025-12-05T11:12:39,positive,0.743
10073,2025-12-05T11:17:03,neutral,0.882
10074,2025-12-05T11:23:47,negative_high,0.854
10075,2025-12-05T11:29:27,neutral,0.828
10076,2025-12-05T11:33:37,negative_high,0.918
10077,2025-12-05T11:39:45,negative_high,0.717
10078,2025-12-05T11:44:07,negative_low,0.676
10079,2025-12-05T11:47:12,negative_high,0.742
10080,2025-12-05T11:54:22,negative_low,0.628
10081,2025-12-05T11:58:35,neutral,0.627
10082,2025-12-05T12:02:09,negative_high,0.8
10083,2025-12-05T12:09:38,negative_low,0.617
10084,2025-12-05T12:14:15,negative_low,0.765
10085,2025-12-05T12:17:44,negative_low,0.854
10086,2025-12-05T12:24:24,positive,0.85
10087,2025-12-05T12:28:38,positive,0.84
10088,2025-12-05T12:33:04,positive,0.721
10089,2025-12-05T12:39:12,negative_low,0.772
10090,2025-12-05T12:42:00,negative_low,0.735
10091,2025-12-05T12:47:51,negative_high,0.883
10092,2025-12-05T12:53:51,neutral,0.842
10093,2025-12-05T12:58:37,negative_low,0.895
10094,2025-12-05T13:02:53,negative_low,0.714
10095,2025-12-05T13:07:26,negative_low,0.922
10096,2025-12-05T13:13:44,negative_high,0.907
10097,2025-12-05T13:17:05,negative_low,0.661
10098,2025-12-05T13:23:55,negative_low,0.921
10099,2025-12-05T13:29:20,negative_high,0.604
10100,2025-12-05T13:33:11,negative_high,0.656
10101,2025-12-05T13:38:30,negative_low,0.784
10102,2025-12-05T13:42:36,positive,0.676
10103,2025-12-05T13:47:02,negative_low,0.832
10104,2025-12-05T13:54:40,negative_low,0.916
10105,2025-12-05T13:58:51,negative_high,0.701
10106,2025-12-05T14:02:13,negative_low,0.872
10107,2025-12-05T14:09:55,negative_low,0.876
10108,2025-12-05T14:12:42,positive,0.886
10109,2025-12-05T14:18:12,negative_low,0.655
10110,2025-12-05T14:24:22,negative_low,0.921
10111,2025-12-05T14:27:50,negative_low,0.846
10112,2025-12-05T14:33:00,negative_low,0.879
10113,2025-12-05T14:38:13,negative_high,0.619
10114,2025-12-05T14:42:42,negative_high,0.823
10115,2025-12-05T14:48:20,positive,0.889
10116,2025-12-05T14:53:26,negative_high,0.733
10117,2025-12-05T14:57:36,positive,0.867
10118,2025-12-05T15:02:52,negative_low,0.915
10119,2025-12-05T15:07:13,negative_low,0.647
10120,2025-12-05T15:14:01,positive,0.813
10121,2025-12-05T15:19:39,positive,0.851
10122,2025-12-05T15:24:17,negative_low,0.879
10123,2025-12-05T15:28:27,negative_high,0.759
10124,2025-12-05T15:33:59,neutral,0.615
10125,2025-12-05T15:38:48,positive,0.617
10126,2025-12-05T15:42:03,negative_low,0.817
10127,2025-12-05T15:48:09,negative_high,0.818
10128,2025-12-05T15:53:50,neutral,0.856
10129,2025-12-05T15:57:07,negative_high,0.709
10130,2025-12-05T16:02:34,negative_low,0.887
10131,2025-12-05T16:07:48,neutral,0.696
10132,2025-12-05T16:13:26,negative_high,0.807
10133,2025-12-05T16:18:32,positive,0.818
10134,2025-12-05T16:24:36,negative_high,0.948
10135,2025-12-05T16:29:35,negative_low,0.941
10136,2025-12-05T16:34:42,negative_low,0.764
10137,2025-12-05T16:38:04,negative_low,0.842
10138,2025-12-05T16:44:17,positive,0.714
10139,2025-12-05T16:48:18,negative_high,0.754
10140,2025-12-05T16:54:39,positive,0.908
10141,2025-12-05T16:58:08,positive,0.673
10142,2025-12-05T17:03:04,negative_low,0.921
10143,2025-12-05T18:03:35,positive,0.78
10144,2025-12-05T18:07:09,negative_low,0.82
10145,2025-12-05T18:12:06,positive,0.791
10146,2025-12-05T18:19:10,negative_low,0.759
10147,2025-12-05T18:23:55,negative_low,0.791
10148,2025-12-05T18:28:11,positive,0.85
10149,2025-12-05T18:34:57,neutral,0.681
10150,2025-12-05T18:37:31,negative_low,0.872
10151,2025-12-05T18:42:57,negative_low,0.936
10152,2025-12-05T18:49:52,negative_high,0.625
10153,2025-12-05T18:52:28,positive,0.746
10154,2025-12-05T18:59:32,negative_high,0.867
10155,2025-12-05T19:02:07,negative_low,0.775
10156,2025-12-05T19:07:05,neutral,0.881
10157,2025-12-05T19:12:57,negative_high,0.717
10158,2025-12-05T19:17:33,negative_low,0.763
10159,2025-12-05T19:22:42,positive,0.874
10160,2025-12-05T19:27:31,negative_low,0.91
10161,2025-12-05T19:33:48,negative_high,0.602
10162,2025-12-05T19:37:45,negative_low,0.936
10163,2025-12-05T19:43:45,negative_high,0.656
10164,2025-12-05T19:47:53,positive,0.795
10165,2025-12-05T19:54:51,negative_low,0.76
10166,2025-12-05T19:58:14,negative_high,0.877
10167,2025-12-05T20:02:53,negative_low,0.841
10168,2025-12-05T20:09:45,negative_high,0.752
10169,2025-12-05T20:14:09,positive,0.853
10170,2025-12-05T20:18:35,neutral,0.853
10171,2025-12-05T20:24:34,negative_low,0.852
10172,2025-12-05T20:27:35,neutral,0.695
10173,2025-12-05T20:32:51,neutral,0.675
10174,2025-12-05T20:39:02,neutral,0.691
10175,2025-12-05T20:42:10,negative_high,0.922
10176,2025-12-05T20:48:42,neutral,0.911
10177,2025-12-05T20:52:34,negative_high,0.909
10178,2025-12-05T20:59:09,negative_low,0.914
10179,2025-12-05T21:04:46,negative_high,0.835
10180,2025-12-05T21:08:49,neutral,0.744
10181,2025-12-05T21:13:18,negative_high,0.889
10182,2025-12-05T21:18:38,negative_high,0.853
10183,2025-12-05T21:23:32,negative_high,0.811
10184,2025-12-05T21:29:21,negative_high,0.66
10185,2025-12-05T21:34:56,negative_low,0.834
10186,2025-12-05T21:37:40,neutral,0.865
10187,2025-12-05T21:43:04,positive,0.909
10188,2025-12-05T21:48:09,positive,0.753
10189,2025-12-05T21:53:27,negative_low,0.782
10190,2025-12-05T21:59:34,negative_low,0.899
10191,2025-12-05T22:04:52,neutral,0.914
10192,2025-12-05T22:09:15,negative_low,0.608
10193,2025-12-05T22:12:02,negative_low,0.788
10194,2025-12-05T22:18:52,negative_low,0.726
10195,2025-12-05T22:22:55,negative_low,0.696
10196,2025-12-05T22:29:08,negative_low,0.83
10197,2025-12-05T22:33:56,positive,0.625
10198,2025-12-05T22:38:03,negative_high,0.823
10199,2025-12-05T22:44:37,positive,0.706
10200,2025-12-05T22:48:24,negative_low,0.771
10201,2025-12-05T22:54:26,negative_high,0.771
10202,2025-12-05T22:59:52,negative_low,0.799
10203,2025-12-05T23:04:09,negative_low,0.829
10204,2025-12-05T23:09:53,neutral,0.704
10205,2025-12-05T23:13:36,negative_low,0.846
10206,2025-12-05T23:19:06,positive,0.723
10207,2025-12-05T23:23:10,negative_low,0.67
10208,2025-12-06T08:51:18,negative_low,0.779
10209,2025-12-06T08:55:01,neutral,0.652
10210,2025-12-06T09:02:47,neutral,0.707
10211,2025-12-06T10:01:30,neutral,0.922
10212,2025-12-06T10:06:42,negative_high,0.929
10213,2025-12-06T10:12:07,neutral,0.834
10214,2025-12-06T10:15:55,negative_high,0.682
10215,2025-12-06T10:22:45,neutral,0.913
10216,2025-12-06T10:26:39,negative_low,0.696
10217,2025-12-06T10:32:51,negative_low,0.827
10218,2025-12-06T10:35:12,negative_high,0.825
10219,2025-12-06T10:41:35,neutral,0.844
10220,2025-12-06T10:46:40,negative_low,0.911
10221,2025-12-06T10:50:56,negative_low,0.692
10222,2025-12-06T10:56:23,positive,0.787
10223,2025-12-06T11:01:11,neutral,0.858
10224,2025-12-06T11:05:15,negative_low,0.726
10225,2025-12-06T11:10:46,negative_low,0.788
10226,2025-12-06T11:17:00,positive,0.757
10227,2025-12-06T11:21:58,negative_low,0.629
10228,2025-12-06T11:25:23,negative_low,0.785
10229,2025-12-06T11:31:07,negative_high,0.882
10230,2025-12-06T11:35:26,neutral,0.626
10231,2025-12-06T11:42:15,negative_high,0.816
10232,2025-12-06T11:47:14,neutral,0.66
10233,2025-12-06T11:50:34,negative_low,0.652
10234,2025-12-06T11:56:46,neutral,0.645
10235,2025-12-06T12:00:05,negative_high,0.85
10236,2025-12-06T12:05:11,positive,0.811
10237,2025-12-06T12:10:22,positive,0.657
10238,2025-12-06T12:17:49,positive,0.79
10239,2025-12-06T12:22:47,positive,0.684
10240,2025-12-06T12:25:01,positive,0.635
10241,2025-12-06T12:30:17,neutral,0.862
10242,2025-12-06T12:37:31,negative_low,0.715
10243,2025-12-06T12:41:42,neutral,0.946
10244,2025-12-06T12:45:00,positive,0.645
10245,2025-12-06T12:52:27,positive,0.753
10246,2025-12-06T12:56:38,negative_low,0.667
10247,2025-12-06T13:02:30,negative_low,0.662
10248,2025-12-06T13:05:27,neutral,0.799
10249,2025-12-06T13:12:05,negative_high,0.95
10250,2025-12-06T13:16:41,negative_high,0.817
10251,2025-12-06T13:20:04,negative_low,0.846
10252,2025-12-06T13:25:05,negative_low,0.811
10253,2025-12-06T13:31:50,positive,0.615
10254,2025-12-06T13:37:08,neutral,0.668
10255,2025-12-06T13:41:34,negative_high,0.848
10256,2025-12-06T13:45:43,positive,0.848
10257,2025-12-06T13:52:29,positive,0.843
10258,2025-12-06T13:56:31,positive,0.885
10259,2025-12-06T14:01:52,neutral,0.904
10260,2025-12-06T14:06:00,neutral,0.631
10261,2025-12-06T14:12:30,positive,0.856
10262,2025-12-06T14:17:52,negative_high,0.826
10263,2025-12-06T14:22:59,negative_high,0.727
10264,2025-12-06T14:26:33,negative_low,0.819
10265,2025-12-06T14:31:06,negative_low,0.7
10266,2025-12-06T14:36:17,negative_low,0.653
10267,2025-12-06T14:41:48,negative_high,0.75
10268,2025-12-06T14:46:42,neutral,0.798
10269,2025-12-06T14:50:36,negative_low,0.779
10270,2025-12-06T14:57:19,negative_low,0.938
10271,2025-12-06T15:02:54,positive,0.661
10272,2025-12-06T15:07:17,negative_low,0.765
10273,2025-12-06T15:11:05,negative_low,0.663
10274,2025-12-06T15:17:07,positive,0.899
10275,2025-12-06T15:22:51,negative_low,0.855
10276,2025-12-06T15:26:35,negative_high,0.897
10277,2025-12-06T15:30:57,neutral,0.821
10278,2025-12-06T15:37:44,positive,0.623
10279,2025-12-06T15:40:07,negative_low,0.698
10280,2025-12-06T15:45:32,neutral,0.628
10281,2025-12-06T15:51:59,negative_high,0.656
10282,2025-12-06T15:55:02,positive,0.819
10283,2025-12-06T16:01:31,positive,0.807
10284,2025-12-06T16:06:44,positive,0.855
10285,2025-12-06T16:10:29,neutral,0.647
10286,2025-12-06T16:16:39,negative_low,0.636
10287,2025-12-06T16:22:10,negative_low,0.915
10288,2025-12-06T16:26:39,neutral,0.755
10289,2025-12-06T16:32:13,positive,0.903
10290,2025-12-06T16:35:37,negative_high,0.636
10291,2025-12-06T16:41:05,positive,0.706
10292,2025-12-06T16:47:45,neutral,0.836
10293,2025-12-06T16:50:45,negative_high,0.604
10294,2025-12-06T16:57:12,negative_high,0.844
10295,2025-12-06T17:01:08,negative_low,0.608
10296,2025-12-06T17:07:20,neutral,0.751
10297,2025-12-06T17:10:00,negative_low,0.691
10298,2025-12-06T17:17:14,negative_high,0.912
10299,2025-12-06T17:22:44,negative_high,0.834
10300,2025-12-06T17:25:21,negative_low,0.732
10301,2025-12-06T17:30:23,negative_low,0.722
10302,2025-12-06T17:36:53,neutral,0.943
10303,2025-12-06T17:40:51,neutral,0.889
10304,2025-12-06T17:45:59,negative_high,0.663
10305,2025-12-06T17:52:38,negative_high,0.873
10306,2025-12-06T17:56:39,negative_low,0.725
10307,2025-12-06T18:02:53,negative_low,0.841
10308,2025-12-06T18:06:59,negative_low,0.651
10309,2025-12-06T18:10:05,negative_high,0.749
10310,2025-12-06T18:17:10,neutral,0.874
10311,2025-12-06T19:17:30,negative_high,0.941
10312,2025-12-06T19:21:18,negative_high,0.623
10313,2025-12-06T19:26:34,negative_low,0.729
10314,2025-12-06T19:30:05,negative_low,0.621
10315,2025-12-06T19:37:26,positive,0.946
10316,2025-12-06T19:41:50,positive,0.767
10317,2025-12-06T19:45:58,positive,0.733
10318,2025-12-06T19:51:50,negative_high,0.833
10319,2025-12-06T19:56:03,neutral,0.779
10320,2025-12-06T20:00:25,negative_low,0.656
10321,2025-12-06T20:05:35,neutral,0.62
10322,2025-12-06T20:12:04,negative_low,0.728
10323,2025-12-06T20:15:38,positive,0.781
10324,2025-12-06T20:20:43,negative_low,0.796
10325,2025-12-06T20:26:17,neutral,0.817
10326,2025-12-06T20:31:14,negative_low,0.776
10327,2025-12-06T20:36:42,negative_high,0.625
10328,2025-12-06T20:41:04,negative_low,0.924
10329,2025-12-06T20:46:44,negative_low,0.733
10330,2025-12-06T20:50:54,neutral,0.661
10331,2025-12-06T20:56:06,neutral,0.874
10332,2025-12-06T21:02:57,negative_high,0.913
10333,2025-12-06T21:07:40,negative_high,0.763
10334,2025-12-06T21:11:00,positive,0.858
10335,2025-12-06T21:15:05,positive,0.773
10336,2025-12-06T21:21:47,negative_low,0.841
10337,2025-12-06T21:27:41,negative_low,0.869
10338,2025-12-06T21:32:50,negative_low,0.759
10339,2025-12-06T21:37:48,negative_low,0.775
10340,2025-12-06T21:41:10,negative_low,0.711
10341,2025-12-06T21:47:56,negative_low,0.687
10342,2025-12-06T21:51:17,negative_low,0.896
10343,2025-12-06T21:56:44,neutral,0.611
10344,2025-12-06T22:01:13,neutral,0.687
10345,2025-12-06T22:07:19,neutral,0.621
10346,2025-12-06T22:12:17,negative_low,0.632
10347,2025-12-06T22:15:41,negative_low,0.678
10348,2025-12-06T22:20:41,negative_high,0.659
10349,2025-12-06T22:26:36,negative_low,0.859
10350,2025-12-06T22:31:58,negative_low,0.761
10351,2025-12-06T22:36:14,negative_high,0.746
10352,2025-12-06T22:42:54,neutral,0.796
10353,2025-12-06T22:45:11,positive,0.629
10354,2025-12-06T22:50:15,negative_low,0.875
10355,2025-12-06T22:56:41,negative_high,0.927
10356,2025-12-06T23:01:31,negative_low,0.655
10357,2025-12-06T23:06:51,positive,0.877
10358,2025-12-06T23:10:05,neutral,0.93
10359,2025-12-06T23:15:29,negative_high,0.833
10360,2025-12-06T23:20:12,neutral,0.72
10361,2025-12-06T23:26:02,negative_high,0.79
10362,2025-12-06T23:32:14,positive,0.938
10363,2025-12-06T23:36:02,negative_low,0.838
10364,2025-12-06T23:40:34,negative_low,0.791
10365,2025-12-06T23:45:18,negative_high,0.821
10366,2025-12-06T23:51:57,negative_low,0.892
10367,2025-12-06T23:55:56,neutral,0.768
10368,2025-12-07T08:05:07,neutral,0.782
10369,2025-12-07T08:08:22,positive,0.917
10370,2025-12-07T08:14:57,negative_high,0.699
10371,2025-12-07T08:20:37,negative_high,0.835
10372,2025-12-07T08:24:34,negative_low,0.829
10373,2025-12-07T08:28:59,negative_low,0.686
10374,2025-12-07T08:33:37,negative_low,0.688
10375,2025-12-07T08:39:28,negative_low,0.82
10376,2025-12-07T08:45:47,negative_high,0.698
10377,2025-12-07T08:48:08,positive,0.681
10378,2025-12-07T08:53:46,negative_low,0.666
10379,2025-12-07T08:59:23,negative_low,0.887
10380,2025-12-07T09:05:53,positive,0.906
10381,2025-12-07T09:10:24,neutral,0.894
10382,2025-12-07T09:15:11,positive,0.641
10383,2025-12-07T09:18:42,negative_low,0.825
10384,2025-12-07T10:28:47,negative_high,0.779
10385,2025-12-07T10:35:03,neutral,0.918
10386,2025-12-07T10:39:29,positive,0.908
10387,2025-12-07T10:45:04,negative_low,0.604
10388,2025-12-07T10:49:31,negative_low,0.755
10389,2025-12-07T10:53:11,negative_low,0.851
10390,2025-12-07T10:59:13,negative_low,0.679
10391,2025-12-07T11:03:20,negative_low,0.903
10392,2025-12-07T11:08:57,negative_high,0.906
10393,2025-12-07T11:14:03,negative_low,0.719
10394,2025-12-07T11:20:26,neutral,0.609
10395,2025-12-07T11:25:34,negative_low,0.768
10396,2025-12-07T11:30:23,negative_low,0.925
10397,2025-12-07T11:35:53,negative_low,0.821
10398,2025-12-07T11:40:49,neutral,0.79
10399,2025-12-07T11:43:41,neutral,0.791
10400,2025-12-07T11:50:03,negative_high,0.72
10401,2025-12-07T11:53:50,positive,0.892
10402,2025-12-07T11:58:27,positive,0.869
10403,2025-12-07T12:03:36,negative_low,0.63
10404,2025-12-07T12:09:59,negative_low,0.64
10405,2025-12-07T12:14:44,neutral,0.729
10406,2025-12-07T12:19:11,neutral,0.61
10407,2025-12-07T12:24:43,negative_low,0.678
10408,2025-12-07T12:28:21,negative_high,0.677
10409,2025-12-07T12:33:14,negative_low,0.928
10410,2025-12-07T12:39:37,positive,0.926
10411,2025-12-07T12:43:04,negative_low,0.631
10412,2025-12-07T12:49:47,negative_high,0.876
10413,2025-12-07T12:54:25,positive,0.826
10414,2025-12-07T12:59:33,neutral,0.716
10415,2025-12-07T13:55:57,negative_high,0.627
10416,2025-12-07T13:58:11,negative_low,0.8
10417,2025-12-07T14:05:50,positive,0.914
10418,2025-12-07T14:08:29,negative_low,0.727
10419,2025-12-07T14:14:22,positive,0.907
10420,2025-12-07T14:20:03,negative_low,0.603
10421,2025-12-07T14:23:50,positive,0.81
10422,2025-12-07T14:30:04,negative_low,0.687
10423,2025-12-07T14:35:08,negative_high,0.629
10424,2025-12-07T14:40:05,negative_high,0.741
10425,2025-12-07T14:45:11,negative_high,0.923
10426,2025-12-07T14:50:16,neutral,0.71
10427,2025-12-07T14:54:03,negative_high,0.919
10428,2025-12-07T14:58:29,negative_low,0.921
10429,2025-12-07T15:04:38,negative_high,0.779
10430,2025-12-07T15:10:51,negative_low,0.865
10431,2025-12-07T15:13:41,neutral,0.837
10432,2025-12-07T15:19:28,negative_low,0.691
10433,2025-12-07T15:24:12,negative_low,0.904
10434,2025-12-07T15:30:58,negative_low,0.857
10435,2025-12-07T15:34:36,negative_low,0.784
10436,2025-12-07T15:39:49,negative_high,0.794
10437,2025-12-07T15:45:12,negative_high,0.747
10438,2025-12-07T15:48:32,negative_low,0.73
10439,2025-12-07T15:54:48,negative_high,0.874
10440,2025-12-07T15:58:53,positive,0.852
10441,2025-12-07T16:05:23,negative_high,0.784
10442,2025-12-07T16:10:18,negative_high,0.81
10443,2025-12-07T16:15:49,negative_high,0.717
10444,2025-12-07T16:19:07,negative_high,0.905
10445,2025-12-07T16:23:42,neutral,0.711
10446,2025-12-07T16:30:04,negative_high,0.83
10447,2025-12-07T16:35:18,negative_low,0.716
10448,2025-12-07T16:40:13,negative_low,0.938
10449,2025-12-07T16:44:03,neutral,0.847
10450,2025-12-07T16:48:11,negative_low,0.601
10451,2025-12-07T16:54:54,negative_low,0.81
10452,2025-12-07T16:59:12,neutral,0.76
10453,2025-12-07T17:03:55,negative_high,0.613
10454,2025-12-07T17:55:32,negative_low,0.615
10455,2025-12-07T17:58:41,positive,0.652
10456,2025-12-07T18:03:19,negative_high,0.678
10457,2025-12-07T18:10:52,negative_low,0.686
10458,2025-12-07T18:14:17,negative_low,0.697
10459,2025-12-07T18:19:19,neutral,0.634
10460,2025-12-07T18:25:43,positive,0.847
10461,2025-12-07T18:28:07,neutral,0.882
10462,2025-12-07T18:34:04,neutral,0.92
10463,2025-12-07T18:38:00,negative_high,0.709
10464,2025-12-07T18:45:14,neutral,0.895
10465,2025-12-07T18:48:18,negative_high,0.73
10466,2025-12-07T18:54:03,negative_low,0.771
10467,2025-12-07T18:58:41,neutral,0.874
10468,2025-12-07T19:03:53,negative_low,0.691
10469,2025-12-07T19:08:17,negative_low,0.78
10470,2025-12-07T19:14:18,negative_high,0.792
10471,2025-12-07T19:19:04,negative_low,0.857
10472,2025-12-07T19:23:45,negative_low,0.826
10473,2025-12-07T19:29:34,negative_high,0.822
10474,2025-12-07T19:35:44,neutral,0.935
10475,2025-12-07T19:40:43,negative_low,0.921
10476,2025-12-07T19:43:22,negative_low,0.874
10477,2025-12-07T19:48:51,neutral,0.814
10478,2025-12-07T19:54:36,negative_low,0.65
10479,2025-12-07T19:58:53,negative_low,0.787
10480,2025-12-07T20:05:45,positive,0.779
10481,2025-12-07T20:09:41,negative_high,0.655
10482,2025-12-07T20:15:16,negative_low,0.709
10483,2025-12-07T20:18:35,neutral,0.882
10484,2025-12-07T20:25:01,negative_high,0.68
10485,2025-12-07T20:30:17,negative_low,0.745
10486,2025-12-07T20:33:18,neutral,0.708
10487,2025-12-07T20:39:13,negative_low,0.887
10488,2025-12-07T20:43:07,negative_low,0.831
10489,2025-12-07T20:49:55,neutral,0.621
10490,2025-12-07T20:53:26,negative_low,0.606
10491,2025-12-07T20:59:44,negative_low,0.741
10492,2025-12-07T21:03:47,negative_low,0.822
10493,2025-12-07T21:08:06,negative_high,0.753
10494,2025-12-07T21:15:40,negative_low,0.815
10495,2025-12-07T21:19:15,negative_high,0.925
10496,2025-12-07T21:25:30,neutral,0.809
10497,2025-12-07T21:29:04,negative_low,0.944
10498,2025-12-07T21:34:59,negative_high,0.667
10499,2025-12-07T21:38:20,negative_low,0.619
10500,2025-12-07T21:44:39,negative_high,0.616
10501,2025-12-07T21:50:49,negative_high,0.847
10502,2025-12-07T21:53:19,negative_low,0.733
10503,2025-12-07T21:59:29,positive,0.618
10504,2025-12-07T22:05:03,negative_low,0.663
10505,2025-12-07T22:08:07,positive,0.913
10506,2025-12-07T22:13:31,negative_high,0.64
10507,2025-12-07T22:19:37,neutral,0.936
10508,2025-12-07T22:25:52,negative_low,0.633
10509,2025-12-07T22:30:14,negative_high,0.768
10510,2025-12-07T22:34:35,negative_low,0.752
10511,2025-12-07T22:39:43,positive,0.641
10512,2025-12-07T22:44:47,neutral,0.793
10513,2025-12-07T22:49:07,negative_high,0.682
10514,2025-12-07T22:55:33,negative_high,0.89
10515,2025-12-07T22:58:57,negative_high,0.91
10516,2025-12-07T23:05:10,positive,0.929
10517,2025-12-07T23:10:03,positive,0.667
10518,2025-12-07T23:15:42,negative_low,0.838
10519,2025-12-07T23:20:33,negative_low,0.898
10520,2025-12-07T23:25:52,negative_low,0.905
10521,2025-12-08T09:09:57,negative_high,0.761
10522,2025-12-08T09:14:39,negative_low,0.936
10523,2025-12-08T09:19:02,neutral,0.891
10524,2025-12-08T09:23:21,neutral,0.679
10525,2025-12-08T10:17:44,neutral,0.77
10526,2025-12-08T10:22:51,negative_high,0.833
10527,2025-12-08T10:28:25,negative_high,0.794
10528,2025-12-08T10:34:05,negative_low,0.84
10529,2025-12-08T10:38:07,negative_low,0.812
10530,2025-12-08T10:43:40,negative_low,0.905
10531,2025-12-08T10:47:18,neutral,0.857
10532,2025-12-08T10:54:49,negative_high,0.931
10533,2025-12-08T10:57:42,negative_low,0.905
10534,2025-12-08T11:02:04,positive,0.69
10535,2025-12-08T11:07:14,negative_high,0.767
10536,2025-12-08T11:12:05,negative_low,0.719
10537,2025-12-08T11:17:43,negative_low,0.844
10538,2025-12-08T11:23:00,negative_low,0.946
10539,2025-12-08T11:27:41,neutral,0.716
10540,2025-12-08T11:33:17,negative_low,0.755
10541,2025-12-08T11:37:59,neutral,0.637
10542,2025-12-08T11:42:55,positive,0.946
10543,2025-12-08T11:49:50,positive,0.733
10544,2025-12-08T11:52:29,positive,0.782
10545,2025-12-08T11:58:13,neutral,0.685
10546,2025-12-08T12:04:20,positive,0.832
10547,2025-12-08T12:07:52,negative_low,0.902
10548,2025-12-08T12:14:57,negative_high,0.662
10549,2025-12-08T12:17:17,negative_high,0.813
10550,2025-12-08T12:22:30,positive,0.914
10551,2025-12-08T12:29:02,negative_low,0.64
10552,2025-12-08T12:32:21,negative_low,0.809
10553,2025-12-08T12:39:08,negative_high,0.664
10554,2025-12-08T12:42:28,negative_low,0.767
10555,2025-12-08T12:48:50,positive,0.613
10556,2025-12-08T12:52:31,positive,0.819
10557,2025-12-08T12:59:26,positive,0.659
10558,2025-12-08T13:04:24,neutral,0.717
10559,2025-12-08T13:07:03,positive,0.635
10560,2025-12-08T13:14:33,neutral,0.739
10561,2025-12-08T13:17:37,neutral,0.797
10562,2025-12-08T13:24:40,negative_high,0.862
10563,2025-12-08T13:29:54,negative_high,0.736
10564,2025-12-08T13:33:31,positive,0.618
10565,2025-12-08T13:37:02,negative_high,0.692
10566,2025-12-08T13:43:24,negative_low,0.631
10567,2025-12-08T13:47:44,negative_low,0.661
10568,2025-12-08T13:53:21,negative_high,0.912
10569,2025-12-08T13:58:35,negative_low,0.705
10570,2025-12-08T14:04:58,neutral,0.778
10571,2025-12-08T14:08:28,neutral,0.831
10572,2025-12-08T14:13:08,neutral,0.623
10573,2025-12-08T15:18:10,negative_high,0.911
10574,2025-12-08T15:23:53,negative_low,0.838
10575,2025-12-08T15:28:12,neutral,0.824
10576,2025-12-08T15:33:43,neutral,0.744
10577,2025-12-08T15:39:54,neutral,0.901
10578,2025-12-08T15:43:25,negative_low,0.79
10579,2025-12-08T15:47:42,negative_high,0.604
10580,2025-12-08T15:52:26,neutral,0.742
10581,2025-12-08T15:57:34,negative_high,0.843
10582,2025-12-08T16:03:20,positive,0.882
10583,2025-12-08T16:09:32,negative_low,0.771
10584,2025-12-08T16:12:44,negative_low,0.804
10585,2025-12-08T16:18:34,positive,0.645
10586,2025-12-08T16:23:10,positive,0.784
10587,2025-12-08T16:29:20,negative_low,0.618
10588,2025-12-08T16:32:32,negative_low,0.912
10589,2025-12-08T16:37:08,negative_high,0.873
10590,2025-12-08T16:43:28,neutral,0.801
10591,2025-12-08T16:48:08,positive,0.657
10592,2025-12-08T16:52:34,negative_low,0.922
10593,2025-12-08T16:59:36,negative_high,0.838
10594,2025-12-08T17:03:05,neutral,0.703
10595,2025-12-08T17:08:22,negative_low,0.743
10596,2025-12-08T17:14:40,positive,0.925
10597,2025-12-08T17:18:40,negative_high,0.649
10598,2025-12-08T17:23:34,neutral,0.744
10599,2025-12-08T17:27:28,positive,0.921
10600,2025-12-08T17:32:03,negative_high,0.908
10601,2025-12-08T17:39:35,negative_low,0.648
10602,2025-12-08T17:44:23,negative_low,0.703
10603,2025-12-08T17:48:58,positive,0.625
10604,2025-12-08T17:52:29,neutral,0.906
10605,2025-12-08T17:58:37,negative_low,0.931
10606,2025-12-08T18:03:58,neutral,0.909
10607,2025-12-08T18:08:32,positive,0.734
10608,2025-12-08T19:12:16,negative_low,0.924
10609,2025-12-08T19:18:45,positive,0.644
10610,2025-12-08T19:22:47,positive,0.657
10611,2025-12-08T19:29:37,negative_low,0.949
10612,2025-12-08T19:32:50,positive,0.849
10613,2025-12-08T19:37:28,negative_high,0.836
10614,2025-12-08T19:42:51,neutral,0.708
10615,2025-12-08T19:49:16,negative_low,0.886
10616,2025-12-08T19:54:00,negative_high,0.734
10617,2025-12-08T19:58:37,negative_low,0.674
10618,2025-12-08T20:02:32,positive,0.776
10619,2025-12-08T20:08:26,negative_high,0.707
10620,2025-12-08T20:14:08,negative_low,0.932
10621,2025-12-08T20:17:54,positive,0.891
10622,2025-12-08T20:24:26,negative_high,0.642
10623,2025-12-08T20:27:51,negative_high,0.654
10624,2025-12-08T20:34:33,negative_low,0.924
10625,2025-12-08T20:38:56,negative_high,0.621
10626,2025-12-08T20:43:36,negative_low,0.61
10627,2025-12-08T20:48:22,neutral,0.636
10628,2025-12-08T20:52:39,negative_high,0.854
10629,2025-12-08T20:59:37,negative_low,0.896
10630,2025-12-08T21:03:16,negative_high,0.924
10631,2025-12-08T21:07:50,negative_low,0.721
10632,2025-12-08T21:12:50,negative_low,0.909
10633,2025-12-08T21:19:56,negative_low,0.905
10634,2025-12-08T21:24:27,negative_low,0.856
10635,2025-12-08T21:29:07,neutral,0.875
10636,2025-12-08T21:32:58,neutral,0.944
10637,2025-12-08T21:39:55,negative_low,0.659
10638,2025-12-08T21:43:15,neutral,0.84
10639,2025-12-08T21:47:48,negative_low,0.916
10640,2025-12-08T21:54:09,neutral,0.883
10641,2025-12-08T21:57:00,negative_low,0.661
10642,2025-12-08T22:02:23,negative_low,0.625
10643,2025-12-08T22:07:44,negative_low,0.67
10644,2025-12-08T22:14:21,negative_high,0.614
10645,2025-12-08T22:18:14,negative_high,0.805
10646,2025-12-08T22:23:15,neutral,0.943
10647,2025-12-08T22:28:51,negative_high,0.617
10648,2025-12-08T22:33:30,negative_low,0.936
10649,2025-12-08T22:39:47,negative_high,0.883
10650,2025-12-08T22:44:09,negative_low,0.907
10651,2025-12-08T22:47:57,neutral,0.847
10652,2025-12-08T22:54:07,negative_high,0.635
10653,2025-12-08T22:58:07,negative_high,0.706
10654,2025-12-08T23:02:30,negative_high,0.838
10655,2025-12-08T23:08:30,negative_low,0.813
10656,2025-12-08T23:13:59,negative_high,0.837
10657,2025-12-08T23:18:47,neutral,0.755
10658,2025-12-08T23:23:04,negative_low,0.79
10659,2025-12-08T23:29:28,negative_low,0.732
10660,2025-12-08T23:33:17,negative_low,0.883
10661,2025-12-08T23:39:36,negative_low,0.693
10662,2025-12-08T23:42:13,neutral,0.741
10663,2025-12-08T23:48:31,negative_high,0.715
10664,2025-12-08T23:54:08,negative_high,0.735
10665,2025-12-09T08:58:59,negative_low,0.732
10666,2025-12-09T10:13:35,negative_low,0.843
10667,2025-12-09T10:18:56,negative_high,0.888
10668,2025-12-09T10:22:17,negative_low,0.734
10669,2025-12-09T10:28:24,negative_low,0.691
10670,2025-12-09T10:33:10,negative_low,0.615
10671,2025-12-09T10:36:16,neutral,0.772
10672,2025-12-09T10:42:27,negative_high,0.606
10673,2025-12-09T10:46:41,negative_high,0.776
10674,2025-12-09T10:51:36,positive,0.793
10675,2025-12-09T10:58:44,neutral,0.753
10676,2025-12-09T11:01:29,negative_low,0.829
10677,2025-12-09T11:08:00,negative_low,0.803
10678,2025-12-09T11:11:35,positive,0.921
10679,2025-12-09T11:18:11,neutral,0.84
10680,2025-12-09T11:21:37,negative_low,0.697
10681,2025-12-09T11:27:59,positive,0.949
10682,2025-12-09T11:31:05,neutral,0.639
10683,2025-12-09T11:36:17,neutral,0.668
10684,2025-12-09T11:43:35,negative_high,0.801
10685,2025-12-09T11:46:12,negative_low,0.704
10686,2025-12-09T11:51:06,positive,0.602
10687,2025-12-09T11:57:28,neutral,0.706
10688,2025-12-09T12:01:40,negative_low,0.699
10689,2025-12-09T12:07:44,negative_low,0.643
10690,2025-12-09T12:13:18,positive,0.878
10691,2025-12-09T12:16:14,negative_low,0.783
10692,2025-12-09T12:21:16,neutral,0.919
10693,2025-12-09T12:27:54,neutral,0.915
10694,2025-12-09T12:32:04,negative_low,0.947
10695,2025-12-09T12:38:43,positive,0.93
10696,2025-12-09T12:43:40,negative_low,0.744
10697,2025-12-09T12:47:14,negative_low,0.724
10698,2025-12-09T12:52:03,neutral,0.909
10699,2025-12-09T12:57:43,positive,0.868
10700,2025-12-09T13:02:47,negative_low,0.905
10701,2025-12-09T13:07:55,negative_low,0.667
10702,2025-12-09T13:11:29,neutral,0.62
10703,2025-12-09T13:18:24,negative_low,0.901
10704,2025-12-09T13:21:56,neutral,0.727
10705,2025-12-09T13:26:33,negative_high,0.659
10706,2025-12-09T13:33:41,negative_low,0.94
10707,2025-12-09T13:38:13,neutral,0.912
10708,2025-12-09T13:41:51,positive,0.693
10709,2025-12-09T13:46:04,neutral,0.678
10710,2025-12-09T13:52:59,neutral,0.682
10711,2025-12-09T13:57:21,negative_high,0.934
10712,2025-12-09T14:02:30,neutral,0.865
10713,2025-12-09T14:07:21,negative_low,0.873
10714,2025-12-09T14:11:12,negative_low,0.868
10715,2025-12-09T14:51:06,negative_low,0.723
10716,2025-12-09T14:57:11,negative_high,0.806
10717,2025-12-09T15:02:58,negative_high,0.611
10718,2025-12-09T15:07:36,negative_low,0.922
10719,2025-12-09T15:11:55,negative_high,0.816
10720,2025-12-09T15:18:29,positive,0.795
10721,2025-12-09T15:22:42,negative_low,0.744
10722,2025-12-09T15:27:13,positive,0.614
10723,2025-12-09T15:32:26,negative_low,0.933
10724,2025-12-09T15:38:31,positive,0.9
10725,2025-12-09T15:41:32,negative_high,0.768
10726,2025-12-09T15:47:15,negative_low,0.891
10727,2025-12-09T15:52:06,negative_high,0.908
10728,2025-12-09T15:58:03,neutral,0.624
10729,2025-12-09T16:02:12,negative_low,0.924
10730,2025-12-09T16:08:33,negative_low,0.601
10731,2025-12-09T16:11:37,negative_low,0.775
10732,2025-12-09T16:17:49,positive,0.838
10733,2025-12-09T16:23:08,neutral,0.892
10734,2025-12-09T16:26:43,positive,0.859
10735,2025-12-09T16:32:24,negative_low,0.722
10736,2025-12-09T16:38:10,neutral,0.907
10737,2025-12-09T16:43:23,positive,0.72
10738,2025-12-09T16:47:16,negative_high,0.942
10739,2025-12-09T16:52:07,positive,0.677
10740,2025-12-09T16:57:34,negative_low,0.88
10741,2025-12-09T17:01:47,negative_high,0.66
10742,2025-12-09T17:07:55,negative_low,0.729
10743,2025-12-09T17:11:34,positive,0.726
10744,2025-12-09T17:16:39,negative_low,0.648
10745,2025-12-09T17:22:13,negative_low,0.908
10746,2025-12-09T18:11:55,negative_low,0.798
10747,2025-12-09T18:18:46,negative_high,0.722
10748,2025-12-09T18:22:42,negative_high,0.814
10749,2025-12-09T18:28:12,positive,0.858
10750,2025-12-09T18:32:59,positive,0.92
10751,2025-12-09T18:36:26,negative_low,0.914
10752,2025-12-09T18:43:56,neutral,0.801
10753,2025-12-09T18:48:21,negative_low,0.913
10754,2025-12-09T18:51:54,negative_low,0.766
10755,2025-12-09T18:58:22,positive,0.685
10756,2025-12-09T19:02:15,negative_low,0.696
10757,2025-12-09T19:08:53,negative_high,0.761
10758,2025-12-09T19:13:56,negative_low,0.767
10759,2025-12-09T19:18:56,negative_high,0.847
10760,2025-12-09T19:23:14,negative_low,0.891
10761,2025-12-09T19:27:24,negative_low,0.912
10762,2025-12-09T19:31:59,negative_low,0.748
10763,2025-12-09T19:38:27,positive,0.87
10764,2025-12-09T19:41:24,negative_low,0.944
10765,2025-12-09T19:47:40,neutral,0.772
10766,2025-12-09T19:53:09,negative_low,0.7
10767,2025-12-09T19:57:41,positive,0.619
10768,2025-12-09T20:01:06,negative_low,0.636
10769,2025-12-09T20:06:54,negative_low,0.642
10770,2025-12-09T20:13:58,negative_low,0.685
10771,2025-12-09T20:16:06,negative_high,0.87
10772,2025-12-09T20:22:26,negative_high,0.837
10773,2025-12-09T20:26:25,negative_low,0.632
10774,2025-12-09T20:31:51,negative_high,0.677
10775,2025-12-09T20:36:27,negative_low,0.9
10776,2025-12-09T20:42:53,negative_high,0.89
10777,2025-12-09T20:46:32,negative_low,0.888
10778,2025-12-09T20:52:00,negative_low,0.693
10779,2025-12-09T20:56:57,positive,0.888
10780,2025-12-09T21:02:15,negative_high,0.862
10781,2025-12-09T21:06:53,negative_low,0.858
10782,2025-12-09T21:11:16,negative_high,0.906
10783,2025-12-09T21:18:29,negative_low,0.759
10784,2025-12-09T21:23:35,positive,0.917
10785,2025-12-09T21:26:36,neutral,0.728
10786,2025-12-09T21:33:53,negative_low,0.772
10787,2025-12-09T21:38:24,negative_high,0.781
10788,2025-12-09T21:42:12,negative_high,0.719
10789,2025-12-09T21:47:48,negative_low,0.893
10790,2025-12-09T21:51:52,negative_low,0.605
10791,2025-12-09T21:56:42,negative_high,0.667
10792,2025-12-09T22:02:39,positive,0.67
10793,2025-12-09T22:08:49,negative_high,0.852
10794,2025-12-09T22:11:27,neutral,0.927
10795,2025-12-09T22:18:03,negative_high,0.734
10796,2025-12-09T22:21:55,negative_low,0.935
10797,2025-12-09T22:27:44,negative_low,0.606
10798,2025-12-09T22:32:14,negative_low,0.674
10799,2025-12-09T22:36:17,negative_high,0.795
10800,2025-12-09T22:42:30,negative_low,0.882
10801,2025-12-09T22:48:00,positive,0.73
10802,2025-12-09T22:53:13,negative_low,0.68
10803,2025-12-09T22:57:13,negative_high,0.653
10804,2025-12-09T23:03:38,negative_low,0.881
10805,2025-12-09T23:07:34,negative_high,0.658
10806,2025-12-09T23:13:32,negative_low,0.781
10807,2025-12-09T23:17:13,negative_low,0.694
10808,2025-12-09T23:23:48,neutral,0.699
