timestamp,lux_value,sensor_type
2025-11-28T08:02:00,1021.7,BH1750
2025-11-28T08:12:00,1045.4,BH1750
2025-11-28T08:22:00,1175.8,BH1750
2025-11-28T08:32:00,1080.4,BH1750
2025-11-28T08:42:00,1122.9,BH1750
2025-11-28T08:52:00,1007.2,BH1750
2025-11-28T09:02:00,1127.1,BH1750
2025-11-28T09:12:00,1142.1,BH1750
2025-11-28T09:22:00,1054.2,BH1750
2025-11-28T09:32:00,921.7,BH1750
2025-11-28T09:42:00,1150.4,BH1750
2025-11-28T09:52:00,1126.3,BH1750
2025-11-28T10:02:00,796.2,BH1750
2025-11-28T10:12:00,612.7,BH1750
2025-11-28T10:22:00,951.4,BH1750
2025-11-28T10:32:00,1096.5,BH1750
2025-11-28T10:42:00,935.6,BH1750
2025-11-28T10:52:00,1021.0,BH1750
2025-11-28T11:02:00,907.5,BH1750
2025-11-28T11:12:00,1025.7,BH1750
2025-11-28T11:22:00,986.7,BH1750
2025-11-28T11:32:00,1003.7,BH1750
2025-11-28T11:42:00,926.0,BH1750
2025-11-28T11:52:00,906.6,BH1750
2025-11-28T12:02:00,930.6,BH1750
2025-11-28T12:12:00,1053.2,BH1750
2025-11-28T12:22:00,989.5,BH1750
2025-11-28T12:32:00,1031.7,BH1750
2025-11-28T12:42:00,1079.9,BH1750
2025-11-28T12:52:00,939.7,BH1750
2025-11-28T13:02:00,992.7,BH1750
2025-11-28T13:12:00,1058.5,BH1750
2025-11-28T13:22:00,980.0,BH1750
2025-11-28T13:32:00,938.5,BH1750
2025-11-28T13:42:00,1015.5,BH1750
2025-11-28T13:52:00,1089.6,BH1750
2025-11-28T14:02:00,904.4,BH1750
2025-11-28T14:12:00,1040.3,BH1750
2025-11-28T14:22:00,971.1,BH1750
2025-11-28T14:32:00,1106.6,BH1750
2025-11-28T14:42:00,1131.4,BH1750
2025-11-28T14:52:00,1191.6,BH1750
2025-11-28T15:02:00,1194.1,BH1750
2025-11-28T15:12:00,1062.3,BH1750
2025-11-28T15:22:00,964.8,BH1750
2025-11-28T15:32:00,956.2,BH1750
2025-11-28T15:42:00,1027.2,BH1750
2025-11-28T15:52:00,1037.8,BH1750
2025-11-28T16:02:00,1011.2,BH1750
2025-11-28T16:12:00,1066.5,BH1750
2025-11-28T16:22:00,917.5,BH1750
2025-11-28T16:32:00,1057.6,BH1750
2025-11-28T16:42:00,942.4,BH1750
2025-11-28T16:52:00,931.8,BH1750
2025-11-28T17:02:00,1120.8,BH1750
2025-11-28T17:12:00,638.7,BH1750
2025-11-28T17:22:00,1351.4,BH1750
2025-11-28T17:32:00,720.9,BH1750
2025-11-28T17:42:00,1026.6,BH1750
2025-11-28T17:52:00,695.3,BH1750
2025-11-28T18:02:00,636.9,BH1750
2025-11-28T18:12:00,652.2,BH1750
2025-11-28T18:22:00,1145.0,BH1750
2025-11-28T18:32:00,1055.1,BH1750
2025-11-28T18:42:00,1067.4,BH1750
2025-11-28T18:52:00,1164.5,BH1750
2025-11-28T19:02:00,1061.3,BH1750
2025-11-28T19:12:00,1067.9,BH1750
2025-11-28T19:22:00,1130.5,BH1750
2025-11-28T19:32:00,1043.0,BH1750
2025-11-28T19:42:00,1196.1,BH1750
2025-11-28T19:52:00,1067.5,BH1750
2025-11-28T20:02:00,1126.1,BH1750
2025-11-28T20:12:00,1060.9,BH1750
2025-11-28T20:22:00,1196.9,BH1750
2025-11-28T20:32:00,1005.9,BH1750
2025-11-28T20:42:00,1199.0,BH1750
2025-11-28T20:52:00,1003.9,BH1750
2025-11-28T21:02:00,1053.5,BH1750
2025-11-28T21:12:00,1093.5,BH1750
2025-11-28T21:22:00,1016.4,BH1750
2025-11-28T21:32:00,1034.3,BH1750
2025-11-28T21:42:00,1189.6,BH1750
2025-11-28T21:52:00,1193.7,BH1750
2025-11-28T22:02:00,1191.4,BH1750
2025-11-28T22:12:00,1021.9,BH1750
2025-11-28T22:22:00,1102.0,BH1750
2025-11-28T22:32:00,1148.4,BH1750
2025-11-28T22:42:00,1149.5,BH1750
2025-11-28T22:52:00,1102.0,BH1750
2025-11-28T23:02:00,1197.3,BH1750
2025-11-28T23:12:00,1008.0,BH1750
2025-11-28T23:22:00,1196.5,BH1750
2025-11-28T23:32:00,1034.4,BH1750
2025-11-28T23:42:00,1115.4,BH1750
2025-11-28T23:52:00,1163.4,BH1750
2025-11-29T08:01:00,1076.0,BH1750
2025-11-29T08:11:00,1111.0,BH1750
2025-11-29T08:21:00,1107.4,BH1750
2025-11-29T08:31:00,1031.9,BH1750
2025-11-29T08:41:00,1124.0,BH1750
2025-11-29T08:51:00,1094.9,BH1750
2025-11-29T09:01:00,1189.1,BH1750
2025-11-29T09:11:00,1173.6,BH1750
2025-11-29T09:21:00,1061.9,BH1750
2025-11-29T09:31:00,630.0,BH1750
2025-11-29T09:41:00,1157.9,BH1750
2025-11-29T09:51:00,622.8,BH1750
2025-11-29T10:01:00,780.8,BH1750
2025-11-29T10:11:00,659.2,BH1750
2025-11-29T10:21:00,1075.6,BH1750
2025-11-29T10:31:00,923.9,BH1750
2025-11-29T10:41:00,932.6,BH1750
2025-11-29T10:51:00,1091.6,BH1750
2025-11-29T11:01:00,1053.3,BH1750
2025-11-29T11:11:00,928.4,BH1750
2025-11-29T11:21:00,1011.1,BH1750
2025-11-29T11:31:00,940.4,BH1750
2025-11-29T11:41:00,1085.7,BH1750
2025-11-29T11:51:00,961.3,BH1750
2025-11-29T12:01:00,1038.0,BH1750
2025-11-29T12:11:00,939.5,BH1750
2025-11-29T12:21:00,947.1,BH1750
2025-11-29T12:31:00,1006.9,BH1750
2025-11-29T12:41:00,1084.3,BH1750
2025-11-29T12:51:00,984.3,BH1750
2025-11-29T13:01:00,942.1,BH1750
2025-11-29T13:11:00,1003.3,BH1750
2025-11-29T13:21:00,936.8,BH1750
2025-11-29T13:31:00,1028.6,BH1750
2025-11-29T13:41:00,922.9,BH1750
2025-11-29T13:51:00,1027.2,BH1750
2025-11-29T14:01:00,963.2,BH1750
2025-11-29T14:11:00,1155.2,BH1750
2025-11-29T14:21:00,1035.7,BH1750
2025-11-29T14:31:00,1005.3,BH1750
2025-11-29T14:41:00,1175.0,BH1750
2025-11-29T14:51:00,962.9,BH1750
2025-11-29T15:01:00,1039.9,BH1750
2025-11-29T15:11:00,935.0,BH1750
2025-11-29T15:21:00,1046.4,BH1750
2025-11-29T15:31:00,1078.2,BH1750
2025-11-29T15:41:00,1070.1,BH1750
2025-11-29T15:51:00,979.6,BH1750
2025-11-29T16:01:00,998.2,BH1750
2025-11-29T16:11:00,957.1,BH1750
2025-11-29T16:21:00,912.1,BH1750
2025-11-29T16:31:00,1090.7,BH1750
2025-11-29T16:41:00,920.9,BH1750
2025-11-29T16:51:00,1002.7,BH1750
2025-11-29T17:01:00,1199.6,BH1750
2025-11-29T17:11:00,1138.6,BH1750
2025-11-29T17:21:00,1170.3,BH1750
2025-11-29T17:31:00,1017.5,BH1750
2025-11-29T17:41:00,1019.2,BH1750
2025-11-29T17:51:00,1156.3,BH1750
2025-11-29T18:01:00,1175.8,BH1750
2025-11-29T18:11:00,640.8,BH1750
2025-11-29T18:21:00,784.4,BH1750
2025-11-29T18:31:00,766.1,BH1750
2025-11-29T18:41:00,1383.3,BH1750
2025-11-29T18:51:00,776.4,BH1750
2025-11-29T19:01:00,870.0,BH1750
2025-11-29T19:11:00,1016.7,BH1750
2025-11-29T19:21:00,1005.9,BH1750
2025-11-29T19:31:00,1132.7,BH1750
2025-11-29T19:41:00,1196.6,BH1750
2025-11-29T19:51:00,1078.9,BH1750
2025-11-29T20:01:00,1132.9,BH1750
2025-11-29T20:11:00,1062.6,BH1750
2025-11-29T20:21:00,1107.5,BH1750
2025-11-29T20:31:00,1074.7,BH1750
2025-11-29T20:41:00,1034.1,BH1750
2025-11-29T20:51:00,1191.8,BH1750
2025-11-29T21:01:00,1173.4,BH1750
2025-11-29T21:11:00,1093.8,BH1750
2025-11-29T21:21:00,1006.6,BH1750
2025-11-29T21:31:00,1043.6,BH1750
2025-11-29T21:41:00,1024.7,BH1750
2025-11-29T21:51:00,1084.6,BH1750
2025-11-29T22:01:00,1120.7,BH1750
2025-11-29T22:11:00,1147.0,BH1750
2025-11-29T22:21:00,1163.9,BH1750
2025-11-29T22:31:00,1176.0,BH1750
2025-11-29T22:41:00,1001.4,BH1750
2025-11-29T22:51:00,1081.8,BH1750
2025-11-29T23:01:00,1027.5,BH1750
2025-11-29T23:11:00,1163.2,BH1750
2025-11-29T23:21:00,1008.0,BH1750
2025-11-29T23:31:00,1163.8,BH1750
2025-11-29T23:41:00,1163.7,BH1750
2025-11-29T23:51:00,1014.4,BH1750
2025-11-30T08:06:00,1038.3,BH1750
2025-11-30T08:16:00,1197.4,BH1750
2025-11-30T08:26:00,1186.1,BH1750
2025-11-30T08:36:00,1072.8,BH1750
2025-11-30T08:46:00,1155.5,BH1750
2025-11-30T08:56:00,1173.9,BH1750
2025-11-30T09:06:00,1122.7,BH1750
2025-11-30T09:16:00,859.7,BH1750
2025-11-30T09:26:00,647.0,BH1750
2025-11-30T09:36:00,1036.7,BH1750
2025-11-30T09:46:00,1057.6,BH1750
2025-11-30T09:56:00,821.2,BH1750
2025-11-30T10:06:00,773.4,BH1750
2025-11-30T10:16:00,967.6,BH1750
2025-11-30T10:26:00,920.6,BH1750
2025-11-30T10:36:00,1026.8,BH1750
2025-11-30T10:46:00,915.4,BH1750
2025-11-30T10:56:00,959.8,BH1750
2025-11-30T11:06:00,980.6,BH1750
2025-11-30T11:16:00,938.7,BH1750
2025-11-30T11:26:00,977.8,BH1750
2025-11-30T11:36:00,930.9,BH1750
2025-11-30T11:46:00,904.7,BH1750
2025-11-30T11:56:00,1016.5,BH1750
2025-11-30T12:06:00,1027.6,BH1750
2025-11-30T12:16:00,1007.2,BH1750
2025-11-30T12:26:00,994.3,BH1750
2025-11-30T12:36:00,959.9,BH1750
2025-11-30T12:46:00,950.3,BH1750
2025-11-30T12:56:00,937.3,BH1750
2025-11-30T13:06:00,1015.8,BH1750
2025-11-30T13:16:00,1004.3,BH1750
2025-11-30T13:26:00,902.3,BH1750
2025-11-30T13:36:00,943.9,BH1750
2025-11-30T13:46:00,1074.7,BH1750
2025-11-30T13:56:00,1041.9,BH1750
2025-11-30T14:06:00,908.4,BH1750
2025-11-30T14:16:00,1030.2,BH1750
2025-11-30T14:26:00,955.6,BH1750
2025-11-30T14:36:00,910.3,BH1750
2025-11-30T14:46:00,1097.2,BH1750
2025-11-30T14:56:00,1063.7,BH1750
2025-11-30T15:06:00,1065.5,BH1750
2025-11-30T15:16:00,928.6,BH1750
2025-11-30T15:26:00,921.8,BH1750
2025-11-30T15:36:00,1007.4,BH1750
2025-11-30T15:46:00,961.5,BH1750
2025-11-30T15:56:00,943.0,BH1750
2025-11-30T16:06:00,1010.9,BH1750
2025-11-30T16:16:00,1047.7,BH1750
2025-11-30T16:26:00,1021.2,BH1750
2025-11-30T16:36:00,972.9,BH1750
2025-11-30T16:46:00,1041.9,BH1750
2025-11-30T16:56:00,999.4,BH1750
2025-11-30T17:06:00,1113.2,BH1750
2025-11-30T17:16:00,1018.8,BH1750
2025-11-30T17:26:00,1048.0,BH1750
2025-11-30T17:36:00,1185.0,BH1750
2025-11-30T17:46:00,1068.6,BH1750
2025-11-30T17:56:00,1062.4,BH1750
2025-11-30T18:06:00,1149.5,BH1750
2025-11-30T18:16:00,1008.3,BH1750
2025-11-30T18:26:00,701.7,BH1750
2025-11-30T18:36:00,1259.4,BH1750
2025-11-30T18:46:00,811.5,BH1750
2025-11-30T18:56:00,687.2,BH1750
2025-11-30T19:06:00,725.7,BH1750
2025-11-30T19:16:00,1061.7,BH1750
2025-11-30T19:26:00,1185.2,BH1750
2025-11-30T19:36:00,1196.7,BH1750
2025-11-30T19:46:00,1094.4,BH1750
2025-11-30T19:56:00,1109.2,BH1750
2025-11-30T20:06:00,1158.6,BH1750
2025-11-30T20:16:00,1067.6,BH1750
2025-11-30T20:26:00,1097.5,BH1750
2025-11-30T20:36:00,1070.8,BH1750
2025-11-30T20:46:00,1175.7,BH1750
2025-11-30T20:56:00,1186.5,BH1750
2025-11-30T21:06:00,1172.6,BH1750
2025-11-30T21:16:00,1193.9,BH1750
2025-11-30T21:26:00,1198.8,BH1750
2025-11-30T21:36:00,1005.7,BH1750
2025-11-30T21:46:00,1036.9,BH1750
2025-11-30T21:56:00,1169.2,BH1750
2025-11-30T22:06:00,1130.3,BH1750
2025-11-30T22:16:00,1128.2,BH1750
2025-11-30T22:26:00,1146.0,BH1750
2025-11-30T22:36:00,1112.4,BH1750
2025-11-30T22:46:00,1060.5,BH1750
2025-11-30T22:56:00,1192.9,BH1750
2025-11-30T23:06:00,1096.2,BH1750
2025-12-01T09:05:00,1149.5,BH1750
2025-12-01T09:15:00,1068.0,BH1750
2025-12-01T09:25:00,1151.6,BH1750
2025-12-01T09:35:00,1053.3,BH1750
2025-12-01T09:45:00,1185.1,BH1750
2025-12-01T09:55:00,1025.4,BH1750
2025-12-01T10:05:00,936.9,BH1750
2025-12-01T10:15:00,1068.4,BH1750
2025-12-01T10:25:00,720.3,BH1750
2025-12-01T10:35:00,1361.4,BH1750
2025-12-01T10:45:00,968.7,BH1750
2025-12-01T10:55:00,934.8,BH1750
2025-12-01T11:05:00,913.3,BH1750
2025-12-01T11:15:00,952.1,BH1750
2025-12-01T11:25:00,923.4,BH1750
2025-12-01T11:35:00,1092.0,BH1750
2025-12-01T11:45:00,959.7,BH1750
2025-12-01T11:55:00,1021.6,BH1750
2025-12-01T12:05:00,1086.0,BH1750
2025-12-01T12:15:00,1018.1,BH1750
2025-12-01T12:25:00,1009.0,BH1750
2025-12-01T12:35:00,1015.5,BH1750
2025-12-01T12:45:00,921.9,BH1750
2025-12-01T12:55:00,968.0,BH1750
2025-12-01T13:05:00,903.4,BH1750
2025-12-01T13:15:00,982.0,BH1750
2025-12-01T13:25:00,1058.2,BH1750
2025-12-01T13:35:00,914.6,BH1750
2025-12-01T13:45:00,999.5,BH1750
2025-12-01T13:55:00,1068.6,BH1750
2025-12-01T14:05:00,966.8,BH1750
2025-12-01T14:15:00,912.0,BH1750
2025-12-01T14:25:00,996.0,BH1750
2025-12-01T14:35:00,973.8,BH1750
2025-12-01T14:45:00,1095.0,BH1750
2025-12-01T14:55:00,966.4,BH1750
2025-12-01T15:05:00,1005.7,BH1750
2025-12-01T15:15:00,919.6,BH1750
2025-12-01T15:25:00,915.2,BH1750
2025-12-01T15:35:00,1056.4,BH1750
2025-12-01T15:45:00,954.7,BH1750
2025-12-01T15:55:00,914.0,BH1750
2025-12-01T16:05:00,994.8,BH1750
2025-12-01T16:15:00,1046.5,BH1750
2025-12-01T16:25:00,945.2,BH1750
2025-12-01T16:35:00,1074.2,BH1750
2025-12-01T16:45:00,1038.3,BH1750
2025-12-01T16:55:00,1011.0,BH1750
2025-12-01T17:05:00,1100.5,BH1750
2025-12-01T17:15:00,1067.6,BH1750
2025-12-01T17:25:00,691.9,BH1750
2025-12-01T17:35:00,650.3,BH1750
2025-12-01T17:45:00,973.0,BH1750
2025-12-01T17:55:00,751.7,BH1750
2025-12-01T18:05:00,1203.7,BH1750
2025-12-01T18:15:00,725.8,BH1750
2025-12-01T18:25:00,616.0,BH1750
2025-12-01T18:35:00,1151.4,BH1750
2025-12-01T18:45:00,1124.9,BH1750
2025-12-01T18:55:00,1153.1,BH1750
2025-12-01T19:05:00,1175.9,BH1750
2025-12-01T19:15:00,1166.3,BH1750
2025-12-01T19:25:00,1198.4,BH1750
2025-12-01T19:35:00,1092.2,BH1750
2025-12-01T19:45:00,1065.0,BH1750
2025-12-01T19:55:00,1140.9,BH1750
2025-12-01T20:05:00,1051.9,BH1750
2025-12-01T20:15:00,1106.2,BH1750
2025-12-01T20:25:00,1160.1,BH1750
2025-12-01T20:35:00,1150.2,BH1750
2025-12-01T20:45:00,1071.0,BH1750
2025-12-01T20:55:00,1198.6,BH1750
2025-12-01T21:05:00,1033.0,BH1750
2025-12-01T21:15:00,1136.0,BH1750
2025-12-01T21:25:00,1195.8,BH1750
2025-12-01T21:35:00,1155.9,BH1750
2025-12-01T21:45:00,1188.7,BH1750
2025-12-01T21:55:00,1174.3,BH1750
2025-12-01T22:05:00,1112.3,BH1750
2025-12-01T22:15:00,1115.3,BH1750
2025-12-01T22:25:00,1089.8,BH1750
2025-12-01T22:35:00,1125.8,BH1750
2025-12-01T22:45:00,1057.5,BH1750
2025-12-01T22:55:00,1106.1,BH1750
2025-12-01T23:05:00,1136.1,BH1750
2025-12-01T23:15:00,1042.5,BH1750
2025-12-01T23:25:00,1118.3,BH1750
2025-12-01T23:35:00,1144.7,BH1750
2025-12-01T23:45:00,1126.2,BH1750
2025-12-01T23:55:00,1061.8,BH1750
2025-12-02T09:02:00,1114.7,BH1750
2025-12-02T09:12:00,1080.1,BH1750
2025-12-02T09:22:00,1071.2,BH1750
2025-12-02T09:32:00,1052.3,BH1750
2025-12-02T09:42:00,1021.1,BH1750
2025-12-02T09:52:00,1150.2,BH1750
2025-12-02T10:02:00,1027.0,BH1750
2025-12-02T10:12:00,773.5,BH1750
2025-12-02T10:22:00,1007.3,BH1750
2025-12-02T10:32:00,1441.3,BH1750
2025-12-02T10:42:00,857.8,BH1750
2025-12-02T10:52:00,621.8,BH1750
2025-12-02T11:02:00,1078.5,BH1750
2025-12-02T11:12:00,1130.9,BH1750
2025-12-02T11:22:00,725.8,BH1750
2025-12-02T11:32:00,989.6,BH1750
2025-12-02T11:42:00,986.5,BH1750
2025-12-02T11:52:00,1003.7,BH1750
2025-12-02T12:02:00,977.2,BH1750
2025-12-02T12:12:00,949.3,BH1750
2025-12-02T12:22:00,998.0,BH1750
2025-12-02T12:32:00,944.2,BH1750
2025-12-02T12:42:00,990.7,BH1750
2025-12-02T12:52:00,1031.2,BH1750
2025-12-02T13:02:00,1154.6,BH1750
2025-12-02T13:12:00,1078.9,BH1750
2025-12-02T13:22:00,1050.5,BH1750
2025-12-02T13:32:00,908.7,BH1750
2025-12-02T13:42:00,1028.5,BH1750
2025-12-02T13:52:00,914.4,BH1750
2025-12-02T14:02:00,1016.7,BH1750
2025-12-02T14:12:00,1094.7,BH1750
2025-12-02T14:22:00,1027.9,BH1750
2025-12-02T14:32:00,996.8,BH1750
2025-12-02T14:42:00,1042.7,BH1750
2025-12-02T14:52:00,977.4,BH1750
2025-12-02T15:02:00,1085.6,BH1750
2025-12-02T15:12:00,1059.8,BH1750
2025-12-02T15:22:00,1042.5,BH1750
2025-12-02T15:32:00,1082.0,BH1750
2025-12-02T15:42:00,976.7,BH1750
2025-12-02T15:52:00,962.1,BH1750
2025-12-02T16:02:00,905.2,BH1750
2025-12-02T16:12:00,1030.2,BH1750
2025-12-02T16:22:00,953.3,BH1750
2025-12-02T16:32:00,1086.9,BH1750
2025-12-02T16:42:00,1033.4,BH1750
2025-12-02T16:52:00,930.1,BH1750
2025-12-02T17:02:00,788.7,BH1750
2025-12-02T17:12:00,738.0,BH1750
2025-12-02T17:22:00,1007.8,BH1750
2025-12-02T17:32:00,600.8,BH1750
2025-12-02T17:42:00,687.4,BH1750
2025-12-02T17:52:00,689.0,BH1750
2025-12-02T18:02:00,1107.6,BH1750
2025-12-02T18:12:00,1124.1,BH1750
2025-12-02T18:22:00,1137.6,BH1750
2025-12-02T18:32:00,1027.6,BH1750
2025-12-02T18:42:00,1106.4,BH1750
2025-12-02T18:52:00,1128.5,BH1750
2025-12-02T19:02:00,1137.0,BH1750
2025-12-02T19:12:00,1017.7,BH1750
2025-12-02T19:22:00,1160.5,BH1750
2025-12-02T19:32:00,1007.8,BH1750
2025-12-02T19:42:00,1014.7,BH1750
2025-12-02T19:52:00,1191.8,BH1750
2025-12-02T20:02:00,1111.9,BH1750
2025-12-02T20:12:00,1052.8,BH1750
2025-12-02T20:22:00,1147.5,BH1750
2025-12-02T20:32:00,1060.2,BH1750
2025-12-02T20:42:00,1076.6,BH1750
2025-12-02T20:52:00,1150.4,BH1750
2025-12-02T21:02:00,1067.6,BH1750
2025-12-02T21:12:00,1135.3,BH1750
2025-12-02T21:22:00,1059.8,BH1750
2025-12-02T21:32:00,1032.5,BH1750
2025-12-02T21:42:00,1054.1,BH1750
2025-12-02T21:52:00,1025.8,BH1750
2025-12-02T22:02:00,1102.3,BH1750
2025-12-02T22:12:00,1107.0,BH1750
2025-12-02T22:22:00,1170.7,BH1750
2025-12-02T22:32:00,1115.6,BH1750
2025-12-02T22:42:00,1125.6,BH1750
2025-12-02T22:52:00,1046.9,BH1750
2025-12-02T23:02:00,1069.2,BH1750
2025-12-02T23:12:00,1024.4,BH1750
2025-12-02T23:22:00,1126.8,BH1750
2025-12-02T23:32:00,1085.5,BH1750
2025-12-02T23:42:00,1188.1,BH1750
2025-12-02T23:52:00,1104.2,BH1750
2025-12-03T09:03:00,1186.6,BH1750
2025-12-03T09:13:00,1048.3,BH1750
2025-12-03T09:23:00,1035.6,BH1750
2025-12-03T09:33:00,1125.8,BH1750
2025-12-03T09:43:00,1087.7,BH1750
2025-12-03T09:53:00,1146.3,BH1750
2025-12-03T10:03:00,928.2,BH1750
2025-12-03T10:13:00,1244.6,BH1750
2025-12-03T10:23:00,779.3,BH1750
2025-12-03T10:33:00,621.4,BH1750
2025-12-03T10:43:00,645.9,BH1750
2025-12-03T10:53:00,856.2,BH1750
2025-12-03T11:03:00,1475.9,BH1750
2025-12-03T11:13:00,1177.6,BH1750
2025-12-03T11:23:00,1123.5,BH1750
2025-12-03T11:33:00,936.4,BH1750
2025-12-03T11:43:00,1038.5,BH1750
2025-12-03T11:53:00,966.1,BH1750
2025-12-03T12:03:00,970.5,BH1750
2025-12-03T12:13:00,972.3,BH1750
2025-12-03T12:23:00,1036.0,BH1750
2025-12-03T12:33:00,941.2,BH1750
2025-12-03T12:43:00,1092.1,BH1750
2025-12-03T12:53:00,1035.7,BH1750
2025-12-03T13:03:00,981.1,BH1750
2025-12-03T13:13:00,953.4,BH1750
2025-12-03T13:23:00,1077.4,BH1750
2025-12-03T13:33:00,1051.9,BH1750
2025-12-03T13:43:00,1091.6,BH1750
2025-12-03T13:53:00,1033.8,BH1750
2025-12-03T14:03:00,1051.9,BH1750
2025-12-03T14:13:00,970.5,BH1750
2025-12-03T14:23:00,1018.0,BH1750
2025-12-03T14:33:00,1009.5,BH1750
2025-12-03T14:43:00,906.8,BH1750
2025-12-03T14:53:00,1091.1,BH1750
2025-12-03T15:03:00,952.7,BH1750
2025-12-03T15:13:00,1019.5,BH1750
2025-12-03T15:23:00,954.9,BH1750
2025-12-03T15:33:00,979.8,BH1750
2025-12-03T15:43:00,936.4,BH1750
2025-12-03T15:53:00,999.3,BH1750
2025-12-03T16:03:00,919.8,BH1750
2025-12-03T16:13:00,942.1,BH1750
2025-12-03T16:23:00,1086.8,BH1750
2025-12-03T16:33:00,1031.7,BH1750
2025-12-03T16:43:00,904.0,BH1750
2025-12-03T16:53:00,942.9,BH1750
2025-12-03T17:03:00,1187.9,BH1750
2025-12-03T17:13:00,1176.1,BH1750
2025-12-03T17:23:00,1060.0,BH1750
2025-12-03T17:33:00,679.4,BH1750
2025-12-03T17:43:00,868.8,BH1750
2025-12-03T17:53:00,977.8,BH1750
2025-12-03T18:03:00,707.8,BH1750
2025-12-03T18:13:00,1142.6,BH1750
2025-12-03T18:23:00,1133.4,BH1750
2025-12-03T18:33:00,1195.2,BH1750
2025-12-03T18:43:00,1153.2,BH1750
2025-12-03T18:53:00,1007.7,BH1750
2025-12-03T19:03:00,1041.8,BH1750
2025-12-03T19:13:00,1061.1,BH1750
2025-12-03T19:23:00,1031.7,BH1750
2025-12-03T19:33:00,1094.5,BH1750
2025-12-03T19:43:00,1136.0,BH1750
2025-12-03T19:53:00,1125.1,BH1750
2025-12-03T20:03:00,1000.2,BH1750
2025-12-03T20:13:00,1029.4,BH1750
2025-12-03T20:23:00,1082.5,BH1750
2025-12-03T20:33:00,1078.4,BH1750
2025-12-03T20:43:00,1045.4,BH1750
2025-12-03T20:53:00,1128.2,BH1750
2025-12-03T21:03:00,1008.5,BH1750
2025-12-03T21:13:00,1084.2,BH1750
2025-12-03T21:23:00,1099.5,BH1750
2025-12-03T21:33:00,1083.6,BH1750
2025-12-03T21:43:00,1065.8,BH1750
2025-12-03T21:53:00,1074.4,BH1750
2025-12-03T22:03:00,1012.0,BH1750
2025-12-03T22:13:00,1052.1,BH1750
2025-12-03T22:23:00,1109.1,BH1750
2025-12-03T22:33:00,1016.7,BH1750
2025-12-03T22:43:00,1132.9,BH1750
2025-12-03T22:53:00,1175.6,BH1750
2025-12-03T23:03:00,1040.3,BH1750
2025-12-03T23:13:00,1070.0,BH1750
2025-12-03T23:23:00,1123.1,BH1750
2025-12-04T09:12:00,1103.7,BH1750
2025-12-04T09:22:00,1013.5,BH1750
2025-12-04T09:32:00,1066.9,BH1750
2025-12-04T09:42:00,1090.6,BH1750
2025-12-04T09:52:00,1136.3,BH1750
2025-12-04T10:02:00,952.1,BH1750
2025-12-04T10:12:00,1097.0,BH1750
2025-12-04T10:22:00,664.6,BH1750
2025-12-04T10:32:00,1037.1,BH1750
2025-12-04T10:42:00,657.2,BH1750
2025-12-04T10:52:00,1081.5,BH1750
2025-12-04T11:02:00,1476.9,BH1750
2025-12-04T11:12:00,971.8,BH1750
2025-12-04T11:22:00,962.9,BH1750
2025-12-04T11:32:00,970.9,BH1750
2025-12-04T11:42:00,909.3,BH1750
2025-12-04T11:52:00,950.1,BH1750
2025-12-04T12:02:00,930.0,BH1750
2025-12-04T12:12:00,910.6,BH1750
2025-12-04T12:22:00,1069.4,BH1750
2025-12-04T12:32:00,958.9,BH1750
2025-12-04T12:42:00,1100.0,BH1750
2025-12-04T12:52:00,987.6,BH1750
2025-12-04T13:02:00,980.2,BH1750
2025-12-04T13:12:00,966.2,BH1750
2025-12-04T13:22:00,1004.0,BH1750
2025-12-04T13:32:00,1041.6,BH1750
2025-12-04T13:42:00,1066.2,BH1750
2025-12-04T13:52:00,1139.8,BH1750
2025-12-04T14:02:00,1003.5,BH1750
2025-12-04T14:12:00,1107.2,BH1750
2025-12-04T14:22:00,1097.2,BH1750
2025-12-04T14:32:00,972.9,BH1750
2025-12-04T14:42:00,1015.8,BH1750
2025-12-04T14:52:00,1066.2,BH1750
2025-12-04T15:02:00,1080.8,BH1750
2025-12-04T15:12:00,1034.0,BH1750
2025-12-04T15:22:00,1096.8,BH1750
2025-12-04T15:32:00,1074.7,BH1750
2025-12-04T15:42:00,904.5,BH1750
2025-12-04T15:52:00,1073.7,BH1750
2025-12-04T16:02:00,1065.0,BH1750
2025-12-04T16:12:00,998.6,BH1750
2025-12-04T16:22:00,942.7,BH1750
2025-12-04T16:32:00,1096.4,BH1750
2025-12-04T16:42:00,1027.9,BH1750
2025-12-04T16:52:00,1039.5,BH1750
2025-12-04T17:02:00,1125.8,BH1750
2025-12-04T17:12:00,1125.5,BH1750
2025-12-04T17:22:00,1177.6,BH1750
2025-12-04T17:32:00,1166.2,BH1750
2025-12-04T17:42:00,1197.8,BH1750
2025-12-04T17:52:00,1018.5,BH1750
2025-12-04T18:02:00,1072.2,BH1750
2025-12-04T18:12:00,602.7,BH1750
2025-12-04T18:22:00,685.6,BH1750
2025-12-04T18:32:00,637.9,BH1750
2025-12-04T18:42:00,623.6,BH1750
2025-12-04T18:52:00,1052.8,BH1750
2025-12-04T19:02:00,1008.7,BH1750
2025-12-04T19:12:00,1185.9,BH1750
2025-12-04T19:22:00,1192.9,BH1750
2025-12-04T19:32:00,1146.3,BH1750
2025-12-04T19:42:00,1065.7,BH1750
2025-12-04T19:52:00,1058.0,BH1750
2025-12-04T20:02:00,1133.0,BH1750
2025-12-04T20:12:00,1120.4,BH1750
2025-12-04T20:22:00,1142.4,BH1750
2025-12-04T20:32:00,1109.2,BH1750
2025-12-04T20:42:00,1121.3,BH1750
2025-12-04T20:52:00,1122.9,BH1750
2025-12-04T21:02:00,1170.6,BH1750
2025-12-04T21:12:00,1180.3,BH1750
2025-12-04T21:22:00,1156.3,BH1750
2025-12-04T21:32:00,1196.0,BH1750
2025-12-04T21:42:00,1022.0,BH1750
2025-12-04T21:52:00,1119.8,BH1750
2025-12-04T22:02:00,1160.1,BH1750
2025-12-04T22:12:00,1036.2,BH1750
2025-12-04T22:22:00,1109.0,BH1750
2025-12-04T22:32:00,1180.6,BH1750
2025-12-04T22:42:00,1191.5,BH1750
2025-12-04T22:52:00,1142.3,BH1750
2025-12-04T23:02:00,1125.1,BH1750
2025-12-04T23:12:00,1195.8,BH1750
2025-12-04T23:22:00,1008.7,BH1750
2025-12-04T23:32:00,1038.2,BH1750
2025-12-04T23:42:00,1076.8,BH1750
2025-12-04T23:52:00,1005.1,BH1750
2025-12-05T08:33:00,1180.9,BH1750
2025-12-05T08:43:00,1040.2,BH1750
2025-12-05T08:53:00,1018.4,BH1750
2025-12-05T09:03:00,1105.5,BH1750
2025-12-05T09:13:00,1157.8,BH1750
2025-12-05T09:23:00,1106.8,BH1750
2025-12-05T09:33:00,1468.9,BH1750
2025-12-05T09:43:00,663.1,BH1750
2025-12-05T09:53:00,748.4,BH1750
2025-12-05T10:03:00,673.8,BH1750
2025-12-05T10:13:00,720.3,BH1750
2025-12-05T10:23:00,1046.4,BH1750
2025-12-05T10:33:00,1048.6,BH1750
2025-12-05T10:43:00,1034.2,BH1750
2025-12-05T10:53:00,943.9,BH1750
2025-12-05T11:03:00,975.9,BH1750
2025-12-05T11:13:00,1049.8,BH1750
2025-12-05T11:23:00,1046.2,BH1750
2025-12-05T11:33:00,906.2,BH1750
2025-12-05T11:43:00,1076.7,BH1750
2025-12-05T11:53:00,1086.1,BH1750
2025-12-05T12:03:00,1045.8,BH1750
2025-12-05T12:13:00,997.3,BH1750
2025-12-05T12:23:00,909.3,BH1750
2025-12-05T12:33:00,967.1,BH1750
2025-12-05T12:43:00,1048.6,BH1750
2025-12-05T12:53:00,1093.9,BH1750
2025-12-05T13:03:00,1066.6,BH1750
2025-12-05T13:13:00,952.2,BH1750
2025-12-05T13:23:00,944.7,BH1750
2025-12-05T13:33:00,1057.4,BH1750
2025-12-05T13:43:00,1049.7,BH1750
2025-12-05T13:53:00,1046.4,BH1750
2025-12-05T14:03:00,1030.8,BH1750
2025-12-05T14:13:00,1021.1,BH1750
2025-12-05T14:23:00,1062.6,BH1750
2025-12-05T14:33:00,951.9,BH1750
2025-12-05T14:43:00,1089.7,BH1750
2025-12-05T14:53:00,1061.7,BH1750
2025-12-05T15:03:00,1036.8,BH1750
2025-12-05T15:13:00,908.0,BH1750
2025-12-05T15:23:00,1074.2,BH1750
2025-12-05T15:33:00,955.7,BH1750
2025-12-05T15:43:00,1098.2,BH1750
2025-12-05T15:53:00,1033.3,BH1750
2025-12-05T16:03:00,903.3,BH1750
2025-12-05T16:13:00,1017.0,BH1750
2025-12-05T16:23:00,919.3,BH1750
2025-12-05T16:33:00,951.5,BH1750
2025-12-05T16:43:00,911.3,BH1750
2025-12-05T16:53:00,1017.7,BH1750
2025-12-05T17:03:00,1096.5,BH1750
2025-12-05T17:13:00,768.1,BH1750
2025-12-05T17:23:00,671.7,BH1750
2025-12-05T17:33:00,652.3,BH1750
2025-12-05T17:43:00,1147.9,BH1750
2025-12-05T17:53:00,691.3,BH1750
2025-12-05T18:03:00,1077.4,BH1750
2025-12-05T18:13:00,1060.1,BH1750
2025-12-05T18:23:00,1046.0,BH1750
2025-12-05T18:33:00,1001.0,BH1750
2025-12-05T18:43:00,1194.0,BH1750
2025-12-05T18:53:00,1188.6,BH1750
2025-12-05T19:03:00,1069.7,BH1750
2025-12-05T19:13:00,1089.6,BH1750
2025-12-05T19:23:00,1172.3,BH1750
2025-12-05T19:33:00,1078.7,BH1750
2025-12-05T19:43:00,1035.1,BH1750
2025-12-05T19:53:00,1025.5,BH1750
2025-12-05T20:03:00,1169.3,BH1750
2025-12-05T20:13:00,1164.4,BH1750
2025-12-05T20:23:00,1128.5,BH1750
2025-12-05T20:33:00,1160.1,BH1750
2025-12-05T20:43:00,1189.5,BH1750
2025-12-05T20:53:00,1199.6,BH1750
2025-12-05T21:03:00,1179.4,BH1750
2025-12-05T21:13:00,1145.6,BH1750
2025-12-05T21:23:00,1122.7,BH1750
2025-12-05T21:33:00,1073.0,BH1750
2025-12-05T21:43:00,1133.6,BH1750
2025-12-05T21:53:00,1096.4,BH1750
2025-12-05T22:03:00,1173.2,BH1750
2025-12-05T22:13:00,1165.5,BH1750
2025-12-05T22:23:00,1024.7,BH1750
2025-12-05T22:33:00,1149.7,BH1750
2025-12-05T22:43:00,1106.8,BH1750
2025-12-05T22:53:00,1188.1,BH1750
2025-12-05T23:03:00,1062.5,BH1750
2025-12-05T23:13:00,1003.4,BH1750
2025-12-05T23:23:00,1180.9,BH1750
2025-12-06T08:51:00,1128.0,BH1750
2025-12-06T09:01:00,1063.9,BH1750
2025-12-06T09:11:00,780.8,BH1750
2025-12-06T09:21:00,765.2,BH1750
2025-12-06T09:31:00,651.3,BH1750
2025-12-06T09:41:00,822.9,BH1750
2025-12-06T09:51:00,903.2,BH1750
2025-12-06T10:01:00,910.2,BH1750
2025-12-06T10:11:00,1099.2,BH1750
2025-12-06T10:21:00,984.8,BH1750
2025-12-06T10:31:00,1019.6,BH1750
2025-12-06T10:41:00,1075.5,BH1750
2025-12-06T10:51:00,1064.1,BH1750
2025-12-06T11:01:00,1053.4,BH1750
2025-12-06T11:11:00,1095.5,BH1750
2025-12-06T11:21:00,1085.3,BH1750
2025-12-06T11:31:00,942.6,BH1750
2025-12-06T11:41:00,978.8,BH1750
2025-12-06T11:51:00,912.2,BH1750
2025-12-06T12:01:00,1098.9,BH1750
2025-12-06T12:11:00,1027.3,BH1750
2025-12-06T12:21:00,914.6,BH1750
2025-12-06T12:31:00,1048.8,BH1750
2025-12-06T12:41:00,1040.5,BH1750
2025-12-06T12:51:00,1087.1,BH1750
2025-12-06T13:01:00,1078.6,BH1750
2025-12-06T13:11:00,1078.1,BH1750
2025-12-06T13:21:00,1095.9,BH1750
2025-12-06T13:31:00,900.7,BH1750
2025-12-06T13:41:00,940.7,BH1750
2025-12-06T13:51:00,1090.7,BH1750
2025-12-06T14:01:00,1069.0,BH1750
2025-12-06T14:11:00,913.1,BH1750
2025-12-06T14:21:00,912.0,BH1750
2025-12-06T14:31:00,979.7,BH1750
2025-12-06T14:41:00,1000.8,BH1750
2025-12-06T14:51:00,1018.2,BH1750
2025-12-06T15:01:00,1026.7,BH1750
2025-12-06T15:11:00,1043.9,BH1750
2025-12-06T15:21:00,904.4,BH1750
2025-12-06T15:31:00,926.2,BH1750
2025-12-06T15:41:00,926.5,BH1750
2025-12-06T15:51:00,904.0,BH1750
2025-12-06T16:01:00,1009.9,BH1750
2025-12-06T16:11:00,937.5,BH1750
2025-12-06T16:21:00,939.5,BH1750
2025-12-06T16:31:00,960.6,BH1750
2025-12-06T16:41:00,984.6,BH1750
2025-12-06T16:51:00,1032.8,BH1750
2025-12-06T17:01:00,1010.8,BH1750
2025-12-06T17:11:00,1001.2,BH1750
2025-12-06T17:21:00,1171.8,BH1750
2025-12-06T17:31:00,1164.0,BH1750
2025-12-06T17:41:00,1072.7,BH1750
2025-12-06T17:51:00,1033.7,BH1750
2025-12-06T18:01:00,1097.0,BH1750
2025-12-06T18:11:00,1170.5,BH1750
2025-12-06T18:21:00,640.5,BH1750
2025-12-06T18:31:00,790.6,BH1750
2025-12-06T18:41:00,647.2,BH1750
2025-12-06T18:51:00,967.7,BH1750
2025-12-06T19:01:00,1274.0,BH1750
2025-12-06T19:11:00,772.9,BH1750
2025-12-06T19:21:00,1197.1,BH1750
2025-12-06T19:31:00,1048.5,BH1750
2025-12-06T19:41:00,1174.0,BH1750
2025-12-06T19:51:00,1168.1,BH1750
2025-12-06T20:01:00,1099.5,BH1750
2025-12-06T20:11:00,1022.2,BH1750
2025-12-06T20:21:00,1155.0,BH1750
2025-12-06T20:31:00,1057.9,BH1750
2025-12-06T20:41:00,1038.0,BH1750
2025-12-06T20:51:00,1138.1,BH1750
2025-12-06T21:01:00,1105.3,BH1750
2025-12-06T21:11:00,1023.9,BH1750
2025-12-06T21:21:00,1177.8,BH1750
2025-12-06T21:31:00,1008.3,BH1750
2025-12-06T21:41:00,1170.9,BH1750
2025-12-06T21:51:00,1170.1,BH1750
2025-12-06T22:01:00,1118.9,BH1750
2025-12-06T22:11:00,1005.8,BH1750
2025-12-06T22:21:00,1021.3,BH1750
2025-12-06T22:31:00,1132.1,BH1750
2025-12-06T22:41:00,1115.7,BH1750
2025-12-06T22:51:00,1096.5,BH1750
2025-12-06T23:01:00,1181.1,BH1750
2025-12-06T23:11:00,1073.3,BH1750
2025-12-06T23:21:00,1187.3,BH1750
2025-12-06T23:31:00,1143.3,BH1750
2025-12-06T23:41:00,1132.6,BH1750
2025-12-06T23:51:00,1138.4,BH1750
2025-12-07T08:04:00,1023.2,BH1750
2025-12-07T08:14:00,1104.1,BH1750
2025-12-07T08:24:00,1056.8,BH1750
2025-12-07T08:34:00,1163.1,BH1750
2025-12-07T08:44:00,1129.6,BH1750
2025-12-07T08:54:00,1061.5,BH1750
2025-12-07T09:04:00,1001.5,BH1750
2025-12-07T09:14:00,1165.9,BH1750
2025-12-07T09:24:00,700.0,BH1750
2025-12-07T09:34:00,1038.7,BH1750
2025-12-07T09:44:00,1266.6,BH1750
2025-12-07T09:54:00,1337.8,BH1750
2025-12-07T10:04:00,690.6,BH1750
2025-12-07T10:14:00,647.0,BH1750
2025-12-07T10:24:00,646.3,BH1750
2025-12-07T10:34:00,1077.7,BH1750
2025-12-07T10:44:00,1056.7,BH1750
2025-12-07T10:54:00,1040.4,BH1750
2025-12-07T11:04:00,1028.8,BH1750
2025-12-07T11:14:00,1078.9,BH1750
2025-12-07T11:24:00,979.6,BH1750
2025-12-07T11:34:00,935.1,BH1750
2025-12-07T11:44:00,1035.7,BH1750
2025-12-07T11:54:00,1060.8,BH1750
2025-12-07T12:04:00,975.9,BH1750
2025-12-07T12:14:00,928.0,BH1750
2025-12-07T12:24:00,1062.0,BH1750
2025-12-07T12:34:00,929.4,BH1750
2025-12-07T12:44:00,999.6,BH1750
2025-12-07T12:54:00,1096.9,BH1750
2025-12-07T13:04:00,1143.4,BH1750
2025-12-07T13:14:00,1027.8,BH1750
2025-12-07T13:24:00,1018.2,BH1750
2025-12-07T13:34:00,1138.4,BH1750
2025-12-07T13:44:00,1090.2,BH1750
2025-12-07T13:54:00,1045.4,BH1750
2025-12-07T14:04:00,963.7,BH1750
2025-12-07T14:14:00,985.4,BH1750
2025-12-07T14:24:00,969.6,BH1750
2025-12-07T14:34:00,977.9,BH1750
2025-12-07T14:44:00,980.5,BH1750
2025-12-07T14:54:00,1021.0,BH1750
2025-12-07T15:04:00,921.2,BH1750
2025-12-07T15:14:00,1030.1,BH1750
2025-12-07T15:24:00,1059.9,BH1750
2025-12-07T15:34:00,1056.7,BH1750
2025-12-07T15:44:00,906.9,BH1750
2025-12-07T15:54:00,1061.7,BH1750
2025-12-07T16:04:00,933.6,BH1750
2025-12-07T16:14:00,969.9,BH1750
2025-12-07T16:24:00,1082.1,BH1750
2025-12-07T16:34:00,1094.1,BH1750
2025-12-07T16:44:00,937.1,BH1750
2025-12-07T16:54:00,1031.6,BH1750
2025-12-07T17:04:00,1140.4,BH1750
2025-12-07T17:14:00,724.1,BH1750
2025-12-07T17:24:00,747.0,BH1750
2025-12-07T17:34:00,658.6,BH1750
2025-12-07T17:44:00,1183.7,BH1750
2025-12-07T17:54:00,1061.0,BH1750
2025-12-07T18:04:00,1082.7,BH1750
2025-12-07T18:14:00,1013.2,BH1750
2025-12-07T18:24:00,1153.2,BH1750
2025-12-07T18:34:00,1159.9,BH1750
2025-12-07T18:44:00,1168.7,BH1750
2025-12-07T18:54:00,1157.2,BH1750
2025-12-07T19:04:00,1006.9,BH1750
2025-12-07T19:14:00,1026.0,BH1750
2025-12-07T19:24:00,1120.6,BH1750
2025-12-07T19:34:00,1197.8,BH1750
2025-12-07T19:44:00,1086.2,BH1750
2025-12-07T19:54:00,1175.0,BH1750
2025-12-07T20:04:00,1009.2,BH1750
2025-12-07T20:14:00,1167.3,BH1750
2025-12-07T20:24:00,1117.1,BH1750
2025-12-07T20:34:00,1160.1,BH1750
2025-12-07T20:44:00,1061.3,BH1750
2025-12-07T20:54:00,1095.4,BH1750
2025-12-07T21:04:00,1025.3,BH1750
2025-12-07T21:14:00,1166.0,BH1750
2025-12-07T21:24:00,1137.0,BH1750
2025-12-07T21:34:00,1069.8,BH1750
2025-12-07T21:44:00,1125.9,BH1750
2025-12-07T21:54:00,1187.6,BH1750
2025-12-07T22:04:00,1138.5,BH1750
2025-12-07T22:14:00,1168.2,BH1750
2025-12-07T22:24:00,1176.4,BH1750
2025-12-07T22:34:00,1008.3,BH1750
2025-12-07T22:44:00,1014.6,BH1750
2025-12-07T22:54:00,1179.2,BH1750
2025-12-07T23:04:00,1088.8,BH1750
2025-12-07T23:14:00,1190.1,BH1750
2025-12-07T23:24:00,1038.7,BH1750
2025-12-08T09:08:00,1151.2,BH1750
2025-12-08T09:18:00,1151.5,BH1750
2025-12-08T09:28:00,1384.5,BH1750
2025-12-08T09:38:00,678.6,BH1750
2025-12-08T09:48:00,721.6,BH1750
2025-12-08T09:58:00,654.0,BH1750
2025-12-08T10:08:00,630.4,BH1750
2025-12-08T10:18:00,948.2,BH1750
2025-12-08T10:28:00,970.6,BH1750
2025-12-08T10:38:00,1017.4,BH1750
2025-12-08T10:48:00,922.7,BH1750
2025-12-08T10:58:00,967.4,BH1750
2025-12-08T11:08:00,1056.4,BH1750
2025-12-08T11:18:00,1058.2,BH1750
2025-12-08T11:28:00,989.7,BH1750
2025-12-08T11:38:00,904.1,BH1750
2025-12-08T11:48:00,1066.4,BH1750
2025-12-08T11:58:00,1056.2,BH1750
2025-12-08T12:08:00,972.1,BH1750
2025-12-08T12:18:00,1024.0,BH1750
2025-12-08T12:28:00,918.0,BH1750
2025-12-08T12:38:00,963.1,BH1750
2025-12-08T12:48:00,1062.8,BH1750
2025-12-08T12:58:00,959.5,BH1750
2025-12-08T13:08:00,1044.3,BH1750
2025-12-08T13:18:00,911.9,BH1750
2025-12-08T13:28:00,1022.7,BH1750
2025-12-08T13:38:00,1002.0,BH1750
2025-12-08T13:48:00,1011.8,BH1750
2025-12-08T13:58:00,1017.0,BH1750
2025-12-08T14:08:00,1053.9,BH1750
2025-12-08T14:18:00,1063.4,BH1750
2025-12-08T14:28:00,1061.6,BH1750
2025-12-08T14:38:00,1142.5,BH1750
2025-12-08T14:48:00,1130.7,BH1750
2025-12-08T14:58:00,1129.8,BH1750
2025-12-08T15:08:00,1028.7,BH1750
2025-12-08T15:18:00,935.3,BH1750
2025-12-08T15:28:00,1074.4,BH1750
2025-12-08T15:38:00,1058.7,BH1750
2025-12-08T15:48:00,1007.5,BH1750
2025-12-08T15:58:00,1012.1,BH1750
2025-12-08T16:08:00,1022.7,BH1750
2025-12-08T16:18:00,1046.6,BH1750
2025-12-08T16:28:00,1085.4,BH1750
2025-12-08T16:38:00,946.5,BH1750
2025-12-08T16:48:00,963.0,BH1750
2025-12-08T16:58:00,911.0,BH1750
2025-12-08T17:08:00,1185.3,BH1750
2025-12-08T17:18:00,1178.6,BH1750
2025-12-08T17:28:00,1107.5,BH1750
2025-12-08T17:38:00,1167.9,BH1750
2025-12-08T17:48:00,1141.2,BH1750
2025-12-08T17:58:00,1057.4,BH1750
2025-12-08T18:08:00,1135.4,BH1750
2025-12-08T18:18:00,636.0,BH1750
2025-12-08T18:28:00,963.6,BH1750
2025-12-08T18:38:00,711.2,BH1750
2025-12-08T18:48:00,1348.4,BH1750
2025-12-08T18:58:00,769.4,BH1750
2025-12-08T19:08:00,1180.7,BH1750
2025-12-08T19:18:00,1153.5,BH1750
2025-12-08T19:28:00,1065.7,BH1750
2025-12-08T19:38:00,1021.6,BH1750
2025-12-08T19:48:00,1134.5,BH1750
2025-12-08T19:58:00,1056.9,BH1750
2025-12-08T20:08:00,1115.5,BH1750
2025-12-08T20:18:00,1134.2,BH1750
2025-12-08T20:28:00,1087.7,BH1750
2025-12-08T20:38:00,1152.1,BH1750
2025-12-08T20:48:00,1115.5,BH1750
2025-12-08T20:58:00,1129.8,BH1750
2025-12-08T21:08:00,1112.4,BH1750
2025-12-08T21:18:00,1117.1,BH1750
2025-12-08T21:28:00,1193.3,BH1750
2025-12-08T21:38:00,1065.7,BH1750
2025-12-08T21:48:00,1153.7,BH1750
2025-12-08T21:58:00,1131.3,BH1750
2025-12-08T22:08:00,1002.9,BH1750
2025-12-08T22:18:00,1097.0,BH1750
2025-12-08T22:28:00,1197.6,BH1750
2025-12-08T22:38:00,1157.0,BH1750
2025-12-08T22:48:00,1072.6,BH1750
2025-12-08T22:58:00,1175.6,BH1750
2025-12-08T23:08:00,1198.0,BH1750
2025-12-08T23:18:00,1128.7,BH1750
2025-12-08T23:28:00,1131.9,BH1750
2025-12-08T23:38:00,1029.6,BH1750
2025-12-08T23:48:00,1141.1,BH1750
2025-12-09T08:57:00,1142.7,BH1750
2025-12-09T09:07:00,1103.9,BH1750
2025-12-09T09:17:00,711.2,BH1750
2025-12-09T09:27:00,1010.2,BH1750
2025-12-09T09:37:00,747.5,BH1750
2025-12-09T09:47:00,662.4,BH1750
2025-12-09T09:57:00,714.0,BH1750
2025-12-09T10:07:00,1011.8,BH1750
2025-12-09T10:17:00,1017.7,BH1750
2025-12-09T10:27:00,940.6,BH1750
2025-12-09T10:37:00,998.9,BH1750
2025-12-09T10:47:00,1095.3,BH1750
2025-12-09T10:57:00,983.4,BH1750
2025-12-09T11:07:00,972.7,BH1750
2025-12-09T11:17:00,1019.8,BH1750
2025-12-09T11:27:00,1023.4,BH1750
2025-12-09T11:37:00,1082.9,BH1750
2025-12-09T11:47:00,986.5,BH1750
2025-12-09T11:57:00,935.2,BH1750
2025-12-09T12:07:00,979.2,BH1750
2025-12-09T12:17:00,1026.3,BH1750
2025-12-09T12:27:00,1002.3,BH1750
2025-12-09T12:37:00,949.1,BH1750
2025-12-09T12:47:00,1086.3,BH1750
2025-12-09T12:57:00,1070.3,BH1750
2025-12-09T13:07:00,1077.4,BH1750
2025-12-09T13:17:00,1070.3,BH1750
2025-12-09T13:27:00,1026.0,BH1750
2025-12-09T13:37:00,911.3,BH1750
2025-12-09T13:47:00,991.7,BH1750
2025-12-09T13:57:00,1006.3,BH1750
2025-12-09T14:07:00,1081.0,BH1750
2025-12-09T14:17:00,1101.2,BH1750
2025-12-09T14:27:00,1008.2,BH1750
2025-12-09T14:37:00,1177.9,BH1750
2025-12-09T14:47:00,1184.0,BH1750
2025-12-09T14:57:00,1056.1,BH1750
2025-12-09T15:07:00,1095.2,BH1750
2025-12-09T15:17:00,1087.7,BH1750
2025-12-09T15:27:00,1023.7,BH1750
2025-12-09T15:37:00,1077.5,BH1750
2025-12-09T15:47:00,1000.0,BH1750
2025-12-09T15:57:00,1034.7,BH1750
2025-12-09T16:07:00,1020.0,BH1750
2025-12-09T16:17:00,1008.9,BH1750
2025-12-09T16:27:00,980.3,BH1750
2025-12-09T16:37:00,992.8,BH1750
2025-12-09T16:47:00,1052.4,BH1750
2025-12-09T16:57:00,915.1,BH1750
2025-12-09T17:07:00,1108.8,BH1750
2025-12-09T17:17:00,1024.6,BH1750
2025-12-09T17:27:00,632.1,BH1750
2025-12-09T17:37:00,1184.1,BH1750
2025-12-09T17:47:00,1358.9,BH1750
2025-12-09T17:57:00,763.7,BH1750
2025-12-09T18:07:00,1279.7,BH1750
2025-12-09T18:17:00,1052.8,BH1750
2025-12-09T18:27:00,1161.2,BH1750
2025-12-09T18:37:00,1063.9,BH1750
2025-12-09T18:47:00,1084.9,BH1750
2025-12-09T18:57:00,1076.6,BH1750
2025-12-09T19:07:00,1113.7,BH1750
2025-12-09T19:17:00,1092.6,BH1750
2025-12-09T19:27:00,1097.4,BH1750
2025-12-09T19:37:00,1190.5,BH1750
2025-12-09T19:47:00,1092.7,BH1750
2025-12-09T19:57:00,1053.5,BH1750
2025-12-09T20:07:00,1097.3,BH1750
2025-12-09T20:17:00,1003.9,BH1750
2025-12-09T20:27:00,1144.9,BH1750
2025-12-09T20:37:00,1123.5,BH1750
2025-12-09T20:47:00,1125.0,BH1750
2025-12-09T20:57:00,1101.9,BH1750
2025-12-09T21:07:00,1000.8,BH1750
2025-12-09T21:17:00,1163.4,BH1750
2025-12-09T21:27:00,1072.1,BH1750
2025-12-09T21:37:00,1050.5,BH1750
2025-12-09T21:47:00,1098.1,BH1750
2025-12-09T21:57:00,1196.6,BH1750
2025-12-09T22:07:00,1140.0,BH1750
2025-12-09T22:17:00,1064.7,BH1750
2025-12-09T22:27:00,1034.8,BH1750
2025-12-09T22:37:00,1176.1,BH1750
2025-12-09T22:47:00,1052.7,BH1750
2025-12-09T22:57:00,1161.1,BH1750
2025-12-09T23:07:00,1185.9,BH1750
2025-12-09T23:17:00,1159.5,BH1750